name,area,created_at,current_price,change_rate,road_address,latitude,longitude,variants,price_2024,image,price_2022,price_2023,price_2025
(828-21),81.33,2024-01-01 00:00:00,91000.0,,테헤란로10길 25,37.4975892274124,127.032981074946,"[{'전용면적(㎡)': 81.33, '거래금액(만원)': 91000.0}]",91000.0,,,,
(토지임대부아파트)강남브리즈힐,74.44,2022-01-01 00:00:00,124000.0,-5.56,자곡로3길 45,37.472243237996,127.090660021074,"[{'전용면적(㎡)': 74.44, '거래금액(만원)': 124000.0}, {'전용면적(㎡)': 84.98, '거래금액(만원)': 117100.0}]",117100.0,http://localhost:3000/apartment_images/브리즈힐.jpg,124000.0,,
Bienestar,127.3819,2022-01-01 00:00:00,263000.0,,선릉로107길 16,37.509342396743,127.042804212749,"[{'전용면적(㎡)': 127.3819, '거래금액(만원)': 263000.0}]",,,263000.0,,
EGSoulLeader,17.03,2024-01-01 00:00:00,20000.0,,테헤란로14길 34,37.4971759307349,127.033637919111,"[{'전용면적(㎡)': 17.03, '거래금액(만원)': 20000.0}]",20000.0,,,,
LG선릉에클라트(A),36.16,2024-01-01 00:00:00,41000.0,9.33,선릉로100길 42,37.5065447414109,127.050848399493,"[{'전용면적(㎡)': 36.16, '거래금액(만원)': 41000.0}, {'전용면적(㎡)': 41.64, '거래금액(만원)': 37500.0}]",41000.0,,,37500.0,
LG선릉에클라트(B),56.68,2024-01-01 00:00:00,107000.0,166.17,테헤란로63길 12,37.5061147390354,127.050947634813,"[{'전용면적(㎡)': 56.68, '거래금액(만원)': 107000.0}, {'전용면적(㎡)': 36.35, '거래금액(만원)': 40200.0}]",107000.0,,40200.0,35500.0,
PH129,273.96,2022-01-01 00:00:00,1450000.0,,압구정로79길 88,37.5259558961367,127.054236542629,"[{'전용면적(㎡)': 273.96, '거래금액(만원)': 1450000.0}]",,,1450000.0,,
PLUMHILLS,206.1,2022-01-01 00:00:00,210000.0,,남부순환로373길 26,37.4875927902391,127.044124905921,"[{'전용면적(㎡)': 206.1, '거래금액(만원)': 210000.0}]",,,210000.0,,
RudenHouse,84.44,2022-01-01 00:00:00,103000.0,,강남대로162길 41-8,37.5214508206198,127.021597589466,"[{'전용면적(㎡)': 84.44, '거래금액(만원)': 103000.0}]",,,103000.0,,
SK허브프리모,69.18,2024-01-01 00:00:00,105000.0,17.32,강남대로 240,37.4852596091178,127.034429700831,"[{'전용면적(㎡)': 69.18, '거래금액(만원)': 105000.0}, {'전용면적(㎡)': 63.09, '거래금액(만원)': 90000.0}, {'전용면적(㎡)': 33.8, '거래금액(만원)': 41000.0}]",105000.0,,,89500.0,
SM드림빌,52.79,2023-01-01 00:00:00,46000.0,,봉은사로61길 34,37.5133148547439,127.045871301763,"[{'전용면적(㎡)': 52.79, '거래금액(만원)': 46000.0}]",,,,46000.0,
e-편한세상,84.991,2024-01-01 00:00:00,295000.0,-14.58,선릉로69길 20,37.498747226144,127.050923517096,"[{'전용면적(㎡)': 84.991, '거래금액(만원)': 295000.0}, {'전용면적(㎡)': 59.606, '거래금액(만원)': 236000.0}, {'전용면적(㎡)': 129.8748, '거래금액(만원)': 192000.0}, {'전용면적(㎡)': 112.2044, '거래금액(만원)': 164000.0}, {'전용면적(㎡)': 97.9436, '거래금액(만원)': 120000.0}]",164000.0,,192000.0,129000.0,
가람,84.95,2024-01-01 00:00:00,239000.0,,일원로 127,37.4831592916235,127.085383839812,"[{'전용면적(㎡)': 84.95, '거래금액(만원)': 239000.0}, {'전용면적(㎡)': 75.16, '거래금액(만원)': 200000.0}]",239000.0,,,,
강남 더샵 포레스트,165.4312,2023-01-01 00:00:00,380000.0,-16.67,광평로34길 35,37.4821109112761,127.094906024141,"[{'전용면적(㎡)': 165.4312, '거래금액(만원)': 380000.0}, {'전용면적(㎡)': 146.6888, '거래금액(만원)': 348000.0}, {'전용면적(㎡)': 124.5792, '거래금액(만원)': 295000.0}]",290000.0,,348000.0,380000.0,
강남데시앙파크,114.69,2024-01-01 00:00:00,159000.0,,헌릉로590길 63,37.4610465369667,127.101540870536,"[{'전용면적(㎡)': 114.69, '거래금액(만원)': 159000.0}, {'전용면적(㎡)': 84.97, '거래금액(만원)': 126000.0}]",159000.0,,,,
강남데시앙포레,114.93,2024-01-01 00:00:00,280000.0,29.33,광평로34길 55,37.4808560783316,127.092172324649,"[{'전용면적(㎡)': 114.93, '거래금액(만원)': 280000.0}, {'전용면적(㎡)': 101.73, '거래금액(만원)': 216500.0}, {'전용면적(㎡)': 84.86, '거래금액(만원)': 200500.0}, {'전용면적(㎡)': 59.97, '거래금액(만원)': 155000.0}]",280000.0,,216500.0,176000.0,
강남상가,143.01,2022-01-01 00:00:00,129500.0,-34.36,압구정로2길 46,37.5187672551656,127.020691646267,"[{'전용면적(㎡)': 143.01, '거래금액(만원)': 129500.0}, {'전용면적(㎡)': 130.61, '거래금액(만원)': 112700.0}, {'전용면적(㎡)': 92.36, '거래금액(만원)': 98000.0}, {'전용면적(㎡)': 79.47, '거래금액(만원)': 85000.0}, {'전용면적(㎡)': 63.31, '거래금액(만원)': 80000.0}]",85000.0,,129500.0,112700.0,
강남서해그랑블,71.26,2024-01-01 00:00:00,92000.0,,논현로63길 16,37.4928940114283,127.039114558338,"[{'전용면적(㎡)': 71.26, '거래금액(만원)': 92000.0}, {'전용면적(㎡)': 62.26, '거래금액(만원)': 75000.0}]",92000.0,,,,
강남센트럴아이파크,125.462,2023-01-01 00:00:00,437000.0,-1.6,테헤란로44길 26,37.5012057685259,127.045717100228,"[{'전용면적(㎡)': 125.462, '거래금액(만원)': 437000.0}, {'전용면적(㎡)': 84.99, '거래금액(만원)': 327000.0}, {'전용면적(㎡)': 59.994, '거래금액(만원)': 245000.0}]",430000.0,,,437000.0,
강남신동아파밀리에1단지,59.97,2024-01-01 00:00:00,107000.0,,헌릉로590길 100,37.4635377203095,127.101042591666,"[{'전용면적(㎡)': 59.97, '거래금액(만원)': 107000.0}]",107000.0,,,,
강남신동아파밀리에2단지,84.98,2024-01-01 00:00:00,140000.0,23.08,헌릉로590길 10,37.4645126849986,127.102737297551,"[{'전용면적(㎡)': 84.98, '거래금액(만원)': 140000.0}]",140000.0,,,113750.0,
강남엘에이치1단지,84.83,2024-01-01 00:00:00,159500.0,,헌릉로571길 20,37.4670982362638,127.102101820568,"[{'전용면적(㎡)': 84.83, '거래금액(만원)': 159500.0}, {'전용면적(㎡)': 74.74, '거래금액(만원)': 135000.0}, {'전용면적(㎡)': 59.99, '거래금액(만원)': 128000.0}]",150000.0,,,,
강남역우정에쉐르,17.23,2023-01-01 00:00:00,22500.0,5.85,테헤란로10길 10,37.4984017728239,127.032263893979,"[{'전용면적(㎡)': 17.23, '거래금액(만원)': 22500.0}]",21700.0,,20500.0,22500.0,
강남자곡 힐스테이트,84.39,2022-01-01 00:00:00,159000.0,-10.69,자곡로3길 21,37.4718526866405,127.088231183221,"[{'전용면적(㎡)': 84.39, '거래금액(만원)': 159000.0}, {'전용면적(㎡)': 59.93, '거래금액(만원)': 131000.0}, {'전용면적(㎡)': 74.8, '거래금액(만원)': 119000.0}, {'전용면적(㎡)': 51.96, '거래금액(만원)': 118000.0}]",142000.0,,159000.0,,
강남자곡아이파크,84.92,2024-01-01 00:00:00,172500.0,14.24,자곡로 175,37.4742742244507,127.102642242027,"[{'전용면적(㎡)': 84.92, '거래금액(만원)': 172500.0}, {'전용면적(㎡)': 74.97, '거래금액(만원)': 157000.0}, {'전용면적(㎡)': 59.96, '거래금액(만원)': 139000.0}]",172500.0,,,151000.0,
강남한신휴플러스6단지,59.98,2022-01-01 00:00:00,149000.0,-18.12,밤고개로26길 50,37.4678110775324,127.104821314643,"[{'전용면적(㎡)': 59.98, '거래금액(만원)': 149000.0}, {'전용면적(㎡)': 84.83, '거래금액(만원)': 122000.0}]",122000.0,,149000.0,,
강남한양수자인(4단지),114.46,2024-01-01 00:00:00,199000.0,10.56,자곡로 260,37.4765634437989,127.111752118301,"[{'전용면적(㎡)': 114.46, '거래금액(만원)': 199000.0}, {'전용면적(㎡)': 101.18, '거래금액(만원)': 193000.0}, {'전용면적(㎡)': 84.99, '거래금액(만원)': 180000.0}, {'전용면적(㎡)': 59.97, '거래금액(만원)': 130000.0}]",199000.0,,180000.0,165000.0,
개나리SK뷰,127.27,2024-01-01 00:00:00,379000.0,30.69,역삼로 315-1,37.5005684337476,127.050071033953,"[{'전용면적(㎡)': 127.27, '거래금액(만원)': 379000.0}, {'전용면적(㎡)': 84.99, '거래금액(만원)': 296000.0}]",379000.0,,,290000.0,
개나리래미안,114.65,2022-01-01 00:00:00,335000.0,-3.88,역삼로 306,37.4989772734253,127.046959597261,"[{'전용면적(㎡)': 114.65, '거래금액(만원)': 335000.0}, {'전용면적(㎡)': 129.96, '거래금액(만원)': 330000.0}, {'전용면적(㎡)': 144.55, '거래금액(만원)': 330000.0}, {'전용면적(㎡)': 84.93, '거래금액(만원)': 275000.0}, {'전용면적(㎡)': 59.7, '거래금액(만원)': 238000.0}]",322000.0,,335000.0,330000.0,
개나리푸르지오,132.8355,2022-01-01 00:00:00,400000.0,-8.0,역삼로 314,37.4996151321623,127.049302635975,"[{'전용면적(㎡)': 132.8355, '거래금액(만원)': 400000.0}, {'전용면적(㎡)': 147.9554, '거래금액(만원)': 368000.0}, {'전용면적(㎡)': 84.6815, '거래금액(만원)': 292000.0}, {'전용면적(㎡)': 59.6851, '거래금액(만원)': 240000.0}]",368000.0,,400000.0,344000.0,
개포2차현대아파트(220),77.75,2024-01-01 00:00:00,189000.0,,언주로 103,37.481343842076,127.052911761665,"[{'전용면적(㎡)': 77.75, '거래금액(만원)': 189000.0}]",189000.0,http://localhost:3000/apartment_images/3996-a04de3ebc5924593a5f1b9fde97d5f75_r.jpg,,,
개포6차우성아파트1동~8동,79.97,2022-01-01 00:00:00,220000.0,,언주로 3,37.4767921771121,127.055925867398,"[{'전용면적(㎡)': 79.97, '거래금액(만원)': 220000.0}]",,,220000.0,,
개포더샵트리에,108.0923,2024-01-01 00:00:00,266500.0,8.78,개포로 311,37.485038162571,127.056969855939,"[{'전용면적(㎡)': 108.0923, '거래금액(만원)': 266500.0}]",266500.0,,,245000.0,
개포래미안포레스트,136.06,2024-01-01 00:00:00,420000.0,13.82,개포로 264,37.4797503513842,127.052228213432,"[{'전용면적(㎡)': 136.06, '거래금액(만원)': 420000.0}, {'전용면적(㎡)': 102.32, '거래금액(만원)': 369000.0}, {'전용면적(㎡)': 96.93, '거래금액(만원)': 330000.0}, {'전용면적(㎡)': 84.83, '거래금액(만원)': 295000.0}, {'전용면적(㎡)': 74.66, '거래금액(만원)': 270000.0}, {'전용면적(㎡)': 59.92, '거래금액(만원)': 240000.0}, {'전용면적(㎡)': 49.92, '거래금액(만원)': 200000.0}]",420000.0,,369000.0,330000.0,
개포우성1,189.98,2024-01-01 00:00:00,560000.0,9.8,선릉로 120,37.4915930435874,127.057979748729,"[{'전용면적(㎡)': 189.98, '거래금액(만원)': 560000.0}, {'전용면적(㎡)': 158.54, '거래금액(만원)': 510000.0}, {'전용면적(㎡)': 127.61, '거래금액(만원)': 445000.0}, {'전용면적(㎡)': 84.81, '거래금액(만원)': 340000.0}]",560000.0,,510000.0,,
개포우성2,159.6,2024-01-01 00:00:00,535000.0,,선릉로 120,37.4915930435874,127.057979748729,"[{'전용면적(㎡)': 159.6, '거래금액(만원)': 535000.0}, {'전용면적(㎡)': 127.78, '거래금액(만원)': 470000.0}, {'전용면적(㎡)': 84.69, '거래금액(만원)': 340000.0}]",535000.0,,,,
개포우성3차,161.0,2024-01-01 00:00:00,349000.0,9.4,개포로 307,37.4846310565134,127.056092038196,"[{'전용면적(㎡)': 161.0, '거래금액(만원)': 349000.0}, {'전용면적(㎡)': 133.46, '거래금액(만원)': 319000.0}, {'전용면적(㎡)': 104.43, '거래금액(만원)': 251700.0}]",349000.0,,,319000.0,
개포자이,170.32,2022-01-01 00:00:00,303000.0,-9.9,개포로109길 69,37.4962923064311,127.076127258586,"[{'전용면적(㎡)': 170.32, '거래금액(만원)': 303000.0}, {'전용면적(㎡)': 134.3, '거래금액(만원)': 273000.0}]",273000.0,,303000.0,,
개포자이르네,114.08,2024-01-01 00:00:00,232000.0,,언주로7길 6,37.4785781862112,127.055483787574,"[{'전용면적(㎡)': 114.08, '거래금액(만원)': 232000.0}, {'전용면적(㎡)': 50.8665, '거래금액(만원)': 118000.0}]",232000.0,,,,
개포자이프레지던스,84.6,2024-01-01 00:00:00,320000.0,30.61,삼성로 14,37.4861548149371,127.068451024326,"[{'전용면적(㎡)': 84.6, '거래금액(만원)': 320000.0}, {'전용면적(㎡)': 78.33, '거래금액(만원)': 279250.0}, {'전용면적(㎡)': 59.98, '거래금액(만원)': 219300.0}]",320000.0,,,245000.0,
개포주공4단지,41.99,2023-01-01 00:00:00,370000.0,,삼성로 14,37.4861548149371,127.068451024326,"[{'전용면적(㎡)': 41.99, '거래금액(만원)': 370000.0}]",,,,370000.0,
개포주공5단지,83.17,2024-01-01 00:00:00,333000.0,,삼성로4길 17,37.4879144140576,127.06903483437,"[{'전용면적(㎡)': 83.17, '거래금액(만원)': 333000.0}, {'전용면적(㎡)': 74.25, '거래금액(만원)': 297000.0}, {'전용면적(㎡)': 61.19, '거래금액(만원)': 245000.0}, {'전용면적(㎡)': 53.98, '거래금액(만원)': 240000.0}]",333000.0,,,,
개포주공6단지,83.21,2022-01-01 00:00:00,280000.0,-10.71,개포로 516,37.4891406792843,127.070871480537,"[{'전용면적(㎡)': 83.21, '거래금액(만원)': 280000.0}, {'전용면적(㎡)': 73.02, '거래금액(만원)': 270000.0}, {'전용면적(㎡)': 60.13, '거래금액(만원)': 250000.0}, {'전용면적(㎡)': 53.06, '거래금액(만원)': 232000.0}]",250000.0,,280000.0,,
개포주공7단지,83.7,2024-01-01 00:00:00,288000.0,8.68,개포로 516,37.4891406792843,127.070871480537,"[{'전용면적(㎡)': 83.7, '거래금액(만원)': 288000.0}, {'전용면적(㎡)': 73.26, '거래금액(만원)': 265000.0}, {'전용면적(㎡)': 60.76, '거래금액(만원)': 250000.0}, {'전용면적(㎡)': 53.46, '거래금액(만원)': 240000.0}]",288000.0,,265000.0,,
개포한신,107.6,2024-01-01 00:00:00,230000.0,,개포로110길 43,37.4915621995587,127.079681552221,"[{'전용면적(㎡)': 107.6, '거래금액(만원)': 230000.0}, {'전용면적(㎡)': 82.3, '거래금액(만원)': 197000.0}]",230000.0,,,,
갤러리아트,80.39,2022-01-01 00:00:00,76000.0,,언주로63길 30,37.4942606534596,127.04375430432,"[{'전용면적(㎡)': 80.39, '거래금액(만원)': 76000.0}]",,,76000.0,,
거평프리젠,39.035,2024-01-01 00:00:00,54800.0,14.75,강남대로112길 41,37.5063234128444,127.027654780001,"[{'전용면적(㎡)': 39.035, '거래금액(만원)': 54800.0}, {'전용면적(㎡)': 42.395, '거래금액(만원)': 50000.0}, {'전용면적(㎡)': 30.215, '거래금액(만원)': 40000.0}, {'전용면적(㎡)': 32.835, '거래금액(만원)': 40000.0}]",45900.0,,40000.0,50000.0,
경남,114.96,2024-01-01 00:00:00,229000.0,,논현로 209,37.4891441210876,127.041198352091,"[{'전용면적(㎡)': 114.96, '거래금액(만원)': 229000.0}, {'전용면적(㎡)': 84.94, '거래금액(만원)': 208000.0}, {'전용면적(㎡)': 59.76, '거래금액(만원)': 164000.0}]",229000.0,,,,
경남1,123.28,2022-01-01 00:00:00,343000.0,-24.2,언주로 110,37.4854059409863,127.054710026842,"[{'전용면적(㎡)': 123.28, '거래금액(만원)': 343000.0}, {'전용면적(㎡)': 166.48, '거래금액(만원)': 290000.0}, {'전용면적(㎡)': 84.6, '거래금액(만원)': 260000.0}, {'전용면적(㎡)': 96.98, '거래금액(만원)': 246000.0}]",260000.0,,343000.0,290000.0,
경남2차,186.16,2022-01-01 00:00:00,400000.0,-5.25,언주로 110,37.4854059409863,127.054710026842,"[{'전용면적(㎡)': 186.16, '거래금액(만원)': 400000.0}, {'전용면적(㎡)': 182.2, '거래금액(만원)': 379000.0}, {'전용면적(㎡)': 149.21, '거래금액(만원)': 300000.0}, {'전용면적(㎡)': 91.91, '거래금액(만원)': 247000.0}]",379000.0,,400000.0,300000.0,
경남논현,83.72,2022-01-01 00:00:00,131000.0,,언주로116길 12,37.5106666561173,127.038181433942,"[{'전용면적(㎡)': 83.72, '거래금액(만원)': 131000.0}]",,,131000.0,,
경남아너스빌,81.013,2024-01-01 00:00:00,153000.0,,언주로85길 13,37.5005673881078,127.042381786191,"[{'전용면적(㎡)': 81.013, '거래금액(만원)': 153000.0}, {'전용면적(㎡)': 84.932, '거래금액(만원)': 152000.0}]",152000.0,,,,
경일역삼,84.96,2024-01-01 00:00:00,98000.0,,논현로72길 32,37.4961446655522,127.041997515803,"[{'전용면적(㎡)': 84.96, '거래금액(만원)': 98000.0}]",98000.0,,,,
공간쉐르빌,78.08,2022-01-01 00:00:00,83000.0,-24.1,언주로63길 32,37.4941998217393,127.043547670089,"[{'전용면적(㎡)': 78.08, '거래금액(만원)': 83000.0}, {'전용면적(㎡)': 43.27, '거래금액(만원)': 63000.0}]",,,83000.0,63000.0,
그라나다,47.88,2023-01-01 00:00:00,90000.0,-11.11,선릉로112길 74,37.5126904910139,127.049582696586,"[{'전용면적(㎡)': 47.88, '거래금액(만원)': 90000.0}, {'전용면적(㎡)': 64.8, '거래금액(만원)': 80000.0}]",80000.0,,,90000.0,
그랑디오스,132.96,2022-01-01 00:00:00,159140.0,,봉은사로51길 18,37.5112852234518,127.042829753233,"[{'전용면적(㎡)': 132.96, '거래금액(만원)': 159140.0}]",,,159140.0,,
그랜빌캐슬,125.83,2022-01-01 00:00:00,208000.0,,남부순환로379길 35,37.4887535793854,127.044788194455,"[{'전용면적(㎡)': 125.83, '거래금액(만원)': 208000.0}]",,,208000.0,,
그린빌리지,197.91,2022-01-01 00:00:00,180000.0,,논현로4길 28,37.47320797108,127.052362259064,"[{'전용면적(㎡)': 197.91, '거래금액(만원)': 180000.0}]",,,180000.0,,
금호어울림,132.88,2022-01-01 00:00:00,208000.0,-19.23,봉은사로111길 25,37.5167715987356,127.064816206295,"[{'전용면적(㎡)': 132.88, '거래금액(만원)': 208000.0}, {'전용면적(㎡)': 84.81, '거래금액(만원)': 185000.0}]",168000.0,,208000.0,185000.0,
까치마을,49.5,2022-01-01 00:00:00,135000.0,,광평로19길 10,37.485485349127,127.086601738647,"[{'전용면적(㎡)': 49.5, '거래금액(만원)': 135000.0}, {'전용면적(㎡)': 39.6, '거래금액(만원)': 110000.0}, {'전용면적(㎡)': 34.44, '거래금액(만원)': 105000.0}]",,,135000.0,,
네오빌,187.47,2024-01-01 00:00:00,720000.0,,강남대로132길 42,37.5127718018048,127.024436383553,"[{'전용면적(㎡)': 187.47, '거래금액(만원)': 720000.0}, {'전용면적(㎡)': 128.26, '거래금액(만원)': 440000.0}, {'전용면적(㎡)': 73.08, '거래금액(만원)': 245000.0}, {'전용면적(㎡)': 70.56, '거래금액(만원)': 240000.0}, {'전용면적(㎡)': 64.29, '거래금액(만원)': 215000.0}]",720000.0,,,,
노블스위트,78.94,2024-01-01 00:00:00,61000.0,,역삼로19길 14,37.4961010962571,127.03731718179,"[{'전용면적(㎡)': 78.94, '거래금액(만원)': 61000.0}]",61000.0,,,,
논현동월드메르디앙,84.9374,2024-01-01 00:00:00,136000.0,6.3,학동로38길 22,37.5135247001319,127.034165335085,"[{'전용면적(㎡)': 84.9374, '거래금액(만원)': 136000.0}]",135000.0,,,127000.0,
논현동한화꿈에그린,67.671,2023-01-01 00:00:00,102000.0,,논현로111길 39,37.5068232406663,127.030422971573,"[{'전용면적(㎡)': 67.671, '거래금액(만원)': 102000.0}]",,,,102000.0,
논현라폴리움,240.03,2024-01-01 00:00:00,560000.0,,학동로46길 32,37.5140744215046,127.038773382335,"[{'전용면적(㎡)': 240.03, '거래금액(만원)': 560000.0}]",560000.0,,,,
논현베르빌,111.36,2024-01-01 00:00:00,141000.0,,학동로30길 21,37.5127654513792,127.03279727648,"[{'전용면적(㎡)': 111.36, '거래금액(만원)': 141000.0}, {'전용면적(㎡)': 132.59, '거래금액(만원)': 124250.0}]",124250.0,,,,
논현아이파크,84.89,2024-01-01 00:00:00,207500.0,,언주로 615,37.5106397134921,127.036186123171,"[{'전용면적(㎡)': 84.89, '거래금액(만원)': 207500.0}, {'전용면적(㎡)': 59.75, '거래금액(만원)': 155000.0}, {'전용면적(㎡)': 47.46, '거래금액(만원)': 105000.0}]",207500.0,,,,
논현아트빌,84.84,2024-01-01 00:00:00,80000.0,,논현로124길 7,37.5124594377267,127.032261461131,"[{'전용면적(㎡)': 84.84, '거래금액(만원)': 80000.0}]",80000.0,,,,
논현웰스톤,81.98,2024-01-01 00:00:00,110000.0,,학동로43길 38,37.518458048048,127.038022514319,"[{'전용면적(㎡)': 81.98, '거래금액(만원)': 110000.0}]",110000.0,,,,
논현파라곤,120.21,2024-01-01 00:00:00,198000.0,,학동로 338,37.5165402749359,127.04016223452,"[{'전용면적(㎡)': 120.21, '거래금액(만원)': 198000.0}]",198000.0,,,,
논현한가람빌라트,141.05,2024-01-01 00:00:00,189000.0,,도산대로50길 54,37.518761220597,127.037505945479,"[{'전용면적(㎡)': 141.05, '거래금액(만원)': 189000.0}, {'전용면적(㎡)': 90.94, '거래금액(만원)': 148500.0}]",189000.0,,,,
뉴현대파크빌,69.86,2024-01-01 00:00:00,74000.0,,논현로2길 61-4,37.4748147158631,127.05480461731,"[{'전용면적(㎡)': 69.86, '거래금액(만원)': 74000.0}]",74000.0,,,,
대림,84.95,2024-01-01 00:00:00,203500.0,,논현로41길 10,37.4866129116061,127.039371908356,"[{'전용면적(㎡)': 84.95, '거래금액(만원)': 203500.0}]",203500.0,,,,
대림아크로빌,177.255,2024-01-01 00:00:00,313000.0,6.1,언주로30길 13,37.4881276085659,127.050686658826,"[{'전용면적(㎡)': 177.255, '거래금액(만원)': 313000.0}, {'전용면적(㎡)': 138.657, '거래금액(만원)': 300000.0}, {'전용면적(㎡)': 172.467, '거래금액(만원)': 300000.0}, {'전용면적(㎡)': 146.754, '거래금액(만원)': 295000.0}, {'전용면적(㎡)': 130.545, '거래금액(만원)': 277000.0}]",313000.0,,295000.0,288000.0,
대림역삼,84.96,2024-01-01 00:00:00,190000.0,,언주로 316,37.496232263246,127.046284915927,"[{'전용면적(㎡)': 84.96, '거래금액(만원)': 190000.0}, {'전용면적(㎡)': 59.66, '거래금액(만원)': 149000.0}]",190000.0,,,,
대명벨리온,25.762,2024-01-01 00:00:00,26000.0,26.83,역삼로25길 27,37.4979408197494,127.039117303615,"[{'전용면적(㎡)': 25.762, '거래금액(만원)': 26000.0}, {'전용면적(㎡)': 17.684, '거래금액(만원)': 20500.0}, {'전용면적(㎡)': 23.626, '거래금액(만원)': 19000.0}]",26000.0,,20500.0,19000.0,
대명비발디,82.67,2022-01-01 00:00:00,99500.0,,도곡로6길 18,37.4890735971925,127.034357501412,"[{'전용면적(㎡)': 82.67, '거래금액(만원)': 99500.0}, {'전용면적(㎡)': 77.61, '거래금액(만원)': 96500.0}]",,,99500.0,,
대성아파트,78.51,2023-01-01 00:00:00,98000.0,,논현로151길 45,37.5194975372486,127.024370592169,"[{'전용면적(㎡)': 78.51, '거래금액(만원)': 98000.0}, {'전용면적(㎡)': 68.24, '거래금액(만원)': 70000.0}]",,,,98000.0,
대우디오빌,84.986,2023-01-01 00:00:00,108000.0,147.06,강남대로 256,37.4864868587499,127.033537582361,"[{'전용면적(㎡)': 84.986, '거래금액(만원)': 108000.0}, {'전용면적(㎡)': 59.505, '거래금액(만원)': 84000.0}, {'전용면적(㎡)': 36.96, '거래금액(만원)': 46000.0}, {'전용면적(㎡)': 39.13, '거래금액(만원)': 40200.0}, {'전용면적(㎡)': 30.03, '거래금액(만원)': 34000.0}, {'전용면적(㎡)': 25.89, '거래금액(만원)': 26500.0}]",84000.0,,34000.0,108000.0,
대우디오빌플러스,43.99,2023-01-01 00:00:00,45500.0,,강남대로84길 33,37.4975461306128,127.031093425879,"[{'전용면적(㎡)': 43.99, '거래금액(만원)': 45500.0}, {'전용면적(㎡)': 34.41, '거래금액(만원)': 32970.0}]",,,,45500.0,
대우로얄카운티3,244.72,2022-01-01 00:00:00,495000.0,,도산대로83길 23,37.5258871009957,127.048110575012,"[{'전용면적(㎡)': 244.72, '거래금액(만원)': 495000.0}]",,,495000.0,,
대우리츠카운티,211.72,2023-01-01 00:00:00,410000.0,,도산대로83길 35,37.526677201383,127.048522422631,"[{'전용면적(㎡)': 211.72, '거래금액(만원)': 410000.0}]",,,,410000.0,
대우멤버스카운티501,119.41,2023-01-01 00:00:00,168000.0,,봉은사로55길 36,37.5128539776398,127.044012412541,"[{'전용면적(㎡)': 119.41, '거래금액(만원)': 168000.0}]",,,,168000.0,
대우멤버스카운티Ⅱ,152.2,2022-01-01 00:00:00,270000.0,,도산대로100길 22-15,37.5226111672856,127.051480802913,"[{'전용면적(㎡)': 152.2, '거래금액(만원)': 270000.0}]",,,270000.0,,
대우아이빌멤버스(891-26),51.026,2022-01-01 00:00:00,54500.0,-20.18,삼성로85길 42,37.5045490585229,127.053801125765,"[{'전용면적(㎡)': 51.026, '거래금액(만원)': 54500.0}, {'전용면적(㎡)': 46.877, '거래금액(만원)': 50000.0}, {'전용면적(㎡)': 42.837, '거래금액(만원)': 43500.0}, {'전용면적(㎡)': 35.796, '거래금액(만원)': 35500.0}, {'전용면적(㎡)': 31.393, '거래금액(만원)': 31000.0}]",,,54500.0,43500.0,
대우아이빌명문가(891-23),34.2,2023-01-01 00:00:00,34500.0,-1.47,선릉로90길 56,37.5050311726932,127.053831329394,"[{'전용면적(㎡)': 34.2, '거래금액(만원)': 34500.0}]",,,34000.0,33500.0,
대치SKVIEW,93.4,2024-01-01 00:00:00,380000.0,21.79,삼성로51길 25,37.4959078867351,127.060999811122,"[{'전용면적(㎡)': 93.4, '거래금액(만원)': 380000.0}, {'전용면적(㎡)': 84.3865, '거래금액(만원)': 332000.0}, {'전용면적(㎡)': 59.671, '거래금액(만원)': 211000.0}]",380000.0,,,312000.0,
대치더클래스,79.52,2023-01-01 00:00:00,170000.0,,삼성로51길 10-14,37.4973237123237,127.060856213213,"[{'전용면적(㎡)': 79.52, '거래금액(만원)': 170000.0}]",,,,170000.0,
대치동우정에쉐르1,59.96,2022-01-01 00:00:00,92000.0,-13.26,삼성로85길 38,37.504618129293,127.054274484491,"[{'전용면적(㎡)': 59.96, '거래금액(만원)': 92000.0}]",79800.0,,92000.0,,
대치동우정에쉐르2(890-42),68.59,2024-01-01 00:00:00,87500.0,,테헤란로68길 15,37.504321929464,127.052568441181,"[{'전용면적(㎡)': 68.59, '거래금액(만원)': 87500.0}]",87500.0,,,,
대치르엘,84.8067,2024-01-01 00:00:00,303000.0,27.53,도곡로93길 23,37.5013575539498,127.063355872072,"[{'전용면적(㎡)': 84.8067, '거래금액(만원)': 303000.0}, {'전용면적(㎡)': 77.9767, '거래금액(만원)': 263000.0}, {'전용면적(㎡)': 59.9972, '거래금액(만원)': 256500.0}]",303000.0,,,237600.0,
대치삼성,108.52,2023-01-01 00:00:00,320000.0,-4.69,도곡로78길 22,37.4966357303128,127.0588476129,"[{'전용면적(㎡)': 108.52, '거래금액(만원)': 320000.0}, {'전용면적(㎡)': 97.35, '거래금액(만원)': 305000.0}, {'전용면적(㎡)': 84.58, '거래금액(만원)': 250000.0}, {'전용면적(㎡)': 59.88, '거래금액(만원)': 197000.0}]",305000.0,,,320000.0,
대치아이파크,149.78,2024-01-01 00:00:00,465000.0,,선릉로 222,37.4958669797852,127.054749094366,"[{'전용면적(㎡)': 149.78, '거래금액(만원)': 465000.0}, {'전용면적(㎡)': 119.58, '거래금액(만원)': 407300.0}, {'전용면적(㎡)': 114.97, '거래금액(만원)': 390000.0}, {'전용면적(㎡)': 84.98, '거래금액(만원)': 326000.0}, {'전용면적(㎡)': 59.96, '거래금액(만원)': 265000.0}]",465000.0,,,,
"대치우성아파트1동,2동,3동,5동,6동,7동",115.59,2024-01-01 00:00:00,330000.0,,영동대로 230,37.5009601493207,127.068471209933,"[{'전용면적(㎡)': 115.59, '거래금액(만원)': 330000.0}, {'전용면적(㎡)': 84.69, '거래금액(만원)': 279000.0}]",330000.0,,,,
대치타워,85.81,2023-01-01 00:00:00,105000.0,,삼성로71길 11-8,37.5017134010871,127.058016411951,"[{'전용면적(㎡)': 85.81, '거래금액(만원)': 105000.0}, {'전용면적(㎡)': 81.24, '거래금액(만원)': 100000.0}]",,,,105000.0,
대치푸르지오발라드,59.9957,2024-01-01 00:00:00,171666.0,,개포로 407,37.4872574804061,127.060680250155,"[{'전용면적(㎡)': 59.9957, '거래금액(만원)': 171666.0}, {'전용면적(㎡)': 55.4924, '거래금액(만원)': 143922.0}, {'전용면적(㎡)': 52.0103, '거래금액(만원)': 143100.0}, {'전용면적(㎡)': 41.3882, '거래금액(만원)': 110262.0}, {'전용면적(㎡)': 35.1099, '거래금액(만원)': 94146.0}]",171666.0,,,,
대치푸르지오써밋,102.3261,2024-01-01 00:00:00,370000.0,64.44,삼성로72길 12,37.5022048675635,127.060593049193,"[{'전용면적(㎡)': 102.3261, '거래금액(만원)': 370000.0}, {'전용면적(㎡)': 59.9845, '거래금액(만원)': 225000.0}, {'전용면적(㎡)': 51.7377, '거래금액(만원)': 175000.0}]",370000.0,,,225000.0,
대치현대,101.6,2024-01-01 00:00:00,284000.0,2.53,삼성로64길 5,37.5004474963781,127.060513822972,"[{'전용면적(㎡)': 101.6, '거래금액(만원)': 284000.0}, {'전용면적(㎡)': 114.59, '거래금액(만원)': 277000.0}, {'전용면적(㎡)': 85.0, '거래금액(만원)': 254500.0}, {'전용면적(㎡)': 59.82, '거래금액(만원)': 185000.0}]",284000.0,,,277000.0,
대치효성,84.91,2023-01-01 00:00:00,185000.0,,삼성로64길 12,37.4999104264275,127.06117530222,"[{'전용면적(㎡)': 84.91, '거래금액(만원)': 185000.0}]",,,,185000.0,
더갤러리파크,163.91,2023-01-01 00:00:00,530000.0,,영동대로141길 14,37.5234029603445,127.053525514351,"[{'전용면적(㎡)': 163.91, '거래금액(만원)': 530000.0}, {'전용면적(㎡)': 180.58, '거래금액(만원)': 500000.0}]",,,,500000.0,
더원센트럴,27.14,2024-01-01 00:00:00,51000.0,3.03,학동로53길 3-8,37.5171934833046,127.039685802525,"[{'전용면적(㎡)': 27.14, '거래금액(만원)': 51000.0}]",51000.0,,49500.0,,
도곡1차아이파크,130.259,2022-01-01 00:00:00,303000.0,-7.59,도곡로28길 8,37.4920702704886,127.042114305173,"[{'전용면적(㎡)': 130.259, '거래금액(만원)': 303000.0}, {'전용면적(㎡)': 134.789, '거래금액(만원)': 280000.0}, {'전용면적(㎡)': 84.122, '거래금액(만원)': 225000.0}]",280000.0,,303000.0,,
도곡2차I'PARK,198.13,2024-01-01 00:00:00,320000.0,,도곡로14길 28,37.4893305549,127.037072062234,"[{'전용면적(㎡)': 198.13, '거래금액(만원)': 320000.0}, {'전용면적(㎡)': 173.48, '거래금액(만원)': 309000.0}, {'전용면적(㎡)': 148.73, '거래금액(만원)': 248000.0}]",320000.0,,,,
도곡3차아이파크,181.381,2023-01-01 00:00:00,310000.0,-9.03,도곡로14길 21,37.4900489827505,127.037753691816,"[{'전용면적(㎡)': 181.381, '거래금액(만원)': 310000.0}, {'전용면적(㎡)': 187.215, '거래금액(만원)': 310000.0}, {'전용면적(㎡)': 155.97, '거래금액(만원)': 282000.0}]",282000.0,,310000.0,310000.0,
도곡그린빌,48.48,2023-01-01 00:00:00,52000.0,,강남대로44길 24,37.4861495835495,127.035782411318,"[{'전용면적(㎡)': 48.48, '거래금액(만원)': 52000.0}]",,,,52000.0,
도곡렉슬,176.9924,2022-01-01 00:00:00,580000.0,-36.21,선릉로 221,37.4942068396456,127.049734781209,"[{'전용면적(㎡)': 176.9924, '거래금액(만원)': 580000.0}, {'전용면적(㎡)': 134.9023, '거래금액(만원)': 494000.0}, {'전용면적(㎡)': 114.9931, '거래금액(만원)': 395000.0}, {'전용면적(㎡)': 120.8233, '거래금액(만원)': 370000.0}, {'전용면적(㎡)': 84.9984, '거래금액(만원)': 344500.0}, {'전용면적(㎡)': 59.9818, '거래금액(만원)': 249000.0}]",370000.0,,580000.0,184500.0,
도곡스타빌,53.81,2022-01-01 00:00:00,86000.0,,남부순환로370길 20,37.4841206990229,127.04255837416,"[{'전용면적(㎡)': 53.81, '거래금액(만원)': 86000.0}]",,,86000.0,,
도곡스타클래스,111.38,2024-01-01 00:00:00,169000.0,,남부순환로 2615,37.4851852937745,127.035883711966,"[{'전용면적(㎡)': 111.38, '거래금액(만원)': 169000.0}]",169000.0,,,,
도곡쌍용예가,207.52,2022-01-01 00:00:00,260000.0,-13.46,남부순환로363길 30,37.48761945292,127.038197177163,"[{'전용면적(㎡)': 207.52, '거래금액(만원)': 260000.0}, {'전용면적(㎡)': 112.13, '거래금액(만원)': 246000.0}, {'전용면적(㎡)': 107.53, '거래금액(만원)': 239000.0}, {'전용면적(㎡)': 66.0, '거래금액(만원)': 190000.0}]",225000.0,,260000.0,,
도곡우성아파트,84.83,2022-01-01 00:00:00,225000.0,-20.0,남부순환로363길 49,37.4879756789698,127.037169086447,"[{'전용면적(㎡)': 84.83, '거래금액(만원)': 225000.0}, {'전용면적(㎡)': 76.38, '거래금액(만원)': 180000.0}]",180000.0,,225000.0,,
도곡지웰카운티101동,107.11,2022-01-01 00:00:00,190000.0,,남부순환로373길 3,37.4863489712717,127.043578390141,"[{'전용면적(㎡)': 107.11, '거래금액(만원)': 190000.0}]",,,190000.0,,
도곡푸르지오,168.33,2024-01-01 00:00:00,190000.0,,강남대로54길 6,37.4879274005033,127.033182729824,"[{'전용면적(㎡)': 168.33, '거래금액(만원)': 190000.0}]",190000.0,,,,
도곡푸르지오102동,147.21,2023-01-01 00:00:00,190000.0,,강남대로 272,37.487775030513,127.032894670119,"[{'전용면적(㎡)': 147.21, '거래금액(만원)': 190000.0}]",,,,190000.0,
도곡현대힐스테이트101동,171.58,2024-01-01 00:00:00,250000.0,,남부순환로379길 15,37.487712005537,127.045983751621,"[{'전용면적(㎡)': 171.58, '거래금액(만원)': 250000.0}]",250000.0,,,,
도곡현대힐스테이트102동,164.74,2024-01-01 00:00:00,264000.0,,남부순환로377길 18,37.4874801373222,127.045619182514,"[{'전용면적(㎡)': 164.74, '거래금액(만원)': 264000.0}]",264000.0,,,,
도곡현대힐스테이트105동,164.9,2022-01-01 00:00:00,225000.0,,남부순환로377길 22,37.487692416916,127.045379714033,"[{'전용면적(㎡)': 164.9, '거래금액(만원)': 225000.0}]",,,225000.0,,
동부센트레빌,161.47,2024-01-01 00:00:00,575000.0,190.4,선릉로 423,37.5025030682175,127.04944160406,"[{'전용면적(㎡)': 161.47, '거래금액(만원)': 575000.0}, {'전용면적(㎡)': 145.83, '거래금액(만원)': 520000.0}, {'전용면적(㎡)': 121.74, '거래금액(만원)': 453000.0}, {'전용면적(㎡)': 114.498, '거래금액(만원)': 215000.0}, {'전용면적(㎡)': 84.97, '거래금액(만원)': 210000.0}, {'전용면적(㎡)': 59.97, '거래금액(만원)': 193000.0}]",575000.0,,198000.0,,
동양파라곤,224.3836,2023-01-01 00:00:00,680000.0,19.35,언주로130길 30,37.5150856927028,127.038268406315,"[{'전용면적(㎡)': 224.3836, '거래금액(만원)': 680000.0}, {'전용면적(㎡)': 171.1005, '거래금액(만원)': 595000.0}, {'전용면적(㎡)': 180.07, '거래금액(만원)': 480000.0}, {'전용면적(㎡)': 157.41, '거래금액(만원)': 380000.0}, {'전용면적(㎡)': 160.33, '거래금액(만원)': 370000.0}, {'전용면적(㎡)': 144.74, '거래금액(만원)': 310000.0}]",370000.0,,310000.0,680000.0,
동원스위트뷰역삼,84.83,2024-01-01 00:00:00,120000.0,,역삼로19길 25,37.4969514046371,127.0372270238,"[{'전용면적(㎡)': 84.83, '거래금액(만원)': 120000.0}]",120000.0,,,,
동익,84.46,2024-01-01 00:00:00,167000.0,,광평로39길 3,37.4857662768639,127.097263256365,"[{'전용면적(㎡)': 84.46, '거래금액(만원)': 167000.0}, {'전용면적(㎡)': 60.01, '거래금액(만원)': 135000.0}]",167000.0,,,,
동일파크스위트,174.15,2022-01-01 00:00:00,405000.0,,영동대로112길 67,37.516216740536,127.065830359604,"[{'전용면적(㎡)': 174.15, '거래금액(만원)': 405000.0}]",,,405000.0,,
동현아파트1~6,150.04,2024-01-01 00:00:00,310000.0,13.55,언주로146길 18,37.5202259846506,127.037495479745,"[{'전용면적(㎡)': 150.04, '거래금액(만원)': 310000.0}, {'전용면적(㎡)': 119.67, '거래금액(만원)': 290000.0}, {'전용면적(㎡)': 84.92, '거래금액(만원)': 227500.0}]",310000.0,,273000.0,,
두산위브1단지,110.778,2022-01-01 00:00:00,219000.0,-24.66,학동로46길 38,37.5133151646136,127.038439089707,"[{'전용면적(㎡)': 110.778, '거래금액(만원)': 219000.0}, {'전용면적(㎡)': 84.914, '거래금액(만원)': 165000.0}]",165000.0,,219000.0,,
두산위브2단지,106.829,2022-01-01 00:00:00,206000.0,,언주로122길 25,37.5128106920375,127.038440301401,"[{'전용면적(㎡)': 106.829, '거래금액(만원)': 206000.0}]",,,206000.0,,
두영,82.6,2023-01-01 00:00:00,90000.0,,논현로124길 8,37.5121802685461,127.032400576908,"[{'전용면적(㎡)': 82.6, '거래금액(만원)': 90000.0}]",,,,90000.0,
디에이치아너힐즈,131.3226,2024-01-01 00:00:00,595000.0,80.33,삼성로 11,37.4844402093504,127.067960222798,"[{'전용면적(㎡)': 131.3226, '거래금액(만원)': 595000.0}, {'전용면적(㎡)': 136.9968, '거래금액(만원)': 560000.0}, {'전용면적(㎡)': 148.2668, '거래금액(만원)': 550000.0}, {'전용면적(㎡)': 106.9877, '거래금액(만원)': 445000.0}, {'전용면적(㎡)': 94.8407, '거래금액(만원)': 402500.0}, {'전용면적(㎡)': 84.3558, '거래금액(만원)': 330000.0}, {'전용면적(㎡)': 76.1709, '거래금액(만원)': 305000.0}, {'전용면적(㎡)': 59.8732, '거래금액(만원)': 252000.0}, {'전용면적(㎡)': 49.4013, '거래금액(만원)': 174500.0}]",550000.0,,305000.0,420000.0,
디에이치자이개포,132.92,2024-01-01 00:00:00,455000.0,203.33,영동대로 22,37.4910941147932,127.074163955752,"[{'전용면적(㎡)': 132.92, '거래금액(만원)': 455000.0}, {'전용면적(㎡)': 118.68, '거래금액(만원)': 415000.0}, {'전용면적(㎡)': 103.86, '거래금액(만원)': 399500.0}, {'전용면적(㎡)': 84.73, '거래금액(만원)': 333000.0}, {'전용면적(㎡)': 76.48, '거래금액(만원)': 298000.0}, {'전용면적(㎡)': 63.76, '거래금액(만원)': 260000.0}]",455000.0,,150000.0,265000.0,
디에이치포레센트,121.95,2023-01-01 00:00:00,284000.0,-10.21,개포로110길 38,37.4903572045718,127.078179879308,"[{'전용면적(㎡)': 121.95, '거래금액(만원)': 284000.0}, {'전용면적(㎡)': 84.94, '거래금액(만원)': 255000.0}, {'전용면적(㎡)': 59.92, '거래금액(만원)': 194000.0}]",255000.0,,,284000.0,
라테라스청담,18.55,2022-01-01 00:00:00,34000.0,,학동로81길 9,37.5197305429704,127.050502829756,"[{'전용면적(㎡)': 18.55, '거래금액(만원)': 34000.0}]",,,34000.0,,
래미안 개포 루체하임,121.71,2024-01-01 00:00:00,365000.0,30.36,개포로110길 50,37.4895410084374,127.079624225204,"[{'전용면적(㎡)': 121.71, '거래금액(만원)': 365000.0}, {'전용면적(㎡)': 101.97, '거래금액(만원)': 301500.0}, {'전용면적(㎡)': 84.99, '거래금액(만원)': 284500.0}, {'전용면적(㎡)': 71.68, '거래금액(만원)': 255000.0}, {'전용면적(㎡)': 59.98, '거래금액(만원)': 245000.0}]",365000.0,,280000.0,,
래미안강남힐즈,101.94,2022-01-01 00:00:00,225000.0,-5.33,자곡로 101,37.4726550843713,127.09580546288,"[{'전용면적(㎡)': 101.94, '거래금액(만원)': 225000.0}, {'전용면적(㎡)': 91.96, '거래금액(만원)': 201000.0}]",213000.0,,225000.0,185000.0,
래미안그레이튼,142.06,2024-01-01 00:00:00,346000.0,56.56,도곡로43길 20,37.4968552857788,127.048587369117,"[{'전용면적(㎡)': 142.06, '거래금액(만원)': 346000.0}, {'전용면적(㎡)': 84.97, '거래금액(만원)': 275000.0}, {'전용면적(㎡)': 59.97, '거래금액(만원)': 232000.0}, {'전용면적(㎡)': 70.98, '거래금액(만원)': 221000.0}]",346000.0,,,221000.0,
래미안그레이튼(진달래2차),121.54,2024-01-01 00:00:00,340000.0,18.47,도곡로43길 21,37.4957277729688,127.047011616273,"[{'전용면적(㎡)': 121.54, '거래금액(만원)': 340000.0}, {'전용면적(㎡)': 105.89, '거래금액(만원)': 287000.0}, {'전용면적(㎡)': 84.87, '거래금액(만원)': 275000.0}, {'전용면적(㎡)': 59.91, '거래금액(만원)': 213000.0}]",340000.0,,287000.0,,
래미안대치팰리스,151.31,2022-01-01 00:00:00,530000.0,-1.13,삼성로51길 35,37.4949042259959,127.060178698551,"[{'전용면적(㎡)': 151.31, '거래금액(만원)': 530000.0}, {'전용면적(㎡)': 114.15, '거래금액(만원)': 525000.0}, {'전용면적(㎡)': 94.49, '거래금액(만원)': 438000.0}, {'전용면적(㎡)': 84.97, '거래금액(만원)': 393000.0}, {'전용면적(㎡)': 91.89, '거래금액(만원)': 330000.0}]",524000.0,,530000.0,360000.0,
래미안대치하이스턴,110.39,2024-01-01 00:00:00,305000.0,,도곡로93길 12,37.5015123626981,127.065474666225,"[{'전용면적(㎡)': 110.39, '거래금액(만원)': 305000.0}]",305000.0,,,,
래미안도곡카운티,106.78,2022-01-01 00:00:00,370000.0,-5.68,도곡로 320,37.4956390045387,127.052002706504,"[{'전용면적(㎡)': 106.78, '거래금액(만원)': 370000.0}, {'전용면적(㎡)': 93.07, '거래금액(만원)': 330000.0}, {'전용면적(㎡)': 84.67, '거래금액(만원)': 297000.0}, {'전용면적(㎡)': 71.85, '거래금액(만원)': 275000.0}, {'전용면적(㎡)': 59.98, '거래금액(만원)': 225000.0}]",349000.0,,370000.0,,
래미안라클래시,115.93,2022-01-01 00:00:00,501750.0,-16.29,삼성로 651,37.5183513056476,127.050036535644,"[{'전용면적(㎡)': 115.93, '거래금액(만원)': 501750.0}, {'전용면적(㎡)': 101.98, '거래금액(만원)': 420000.0}, {'전용면적(㎡)': 84.99, '거래금액(만원)': 339983.0}, {'전용면적(㎡)': 71.9, '거래금액(만원)': 311500.0}, {'전용면적(㎡)': 59.99, '거래금액(만원)': 249000.0}]",420000.0,,501750.0,249000.0,
래미안블레스티지,126.928,2023-01-01 00:00:00,448000.0,-1.07,선릉로 8,37.480057578933,127.064153382762,"[{'전용면적(㎡)': 126.928, '거래금액(만원)': 448000.0}, {'전용면적(㎡)': 99.991, '거래금액(만원)': 373000.0}, {'전용면적(㎡)': 113.808, '거래금액(만원)': 369000.0}, {'전용면적(㎡)': 84.94, '거래금액(만원)': 330000.0}, {'전용면적(㎡)': 59.837, '거래금액(만원)': 240000.0}, {'전용면적(㎡)': 49.909, '거래금액(만원)': 189000.0}]",369000.0,,373000.0,448000.0,
래미안삼성1차(103-22),114.12,2022-01-01 00:00:00,330000.0,-35.76,영동대로114길 56,37.5166283511236,127.064134113929,"[{'전용면적(㎡)': 114.12, '거래금액(만원)': 330000.0}, {'전용면적(㎡)': 84.96, '거래금액(만원)': 212000.0}]",212000.0,,330000.0,258000.0,
래미안삼성1차(105-0),84.95,2024-01-01 00:00:00,225000.0,,영동대로114길 56,37.5166283511236,127.064134113929,"[{'전용면적(㎡)': 84.95, '거래금액(만원)': 225000.0}]",225000.0,,,,
래미안삼성1차(201동),84.9,2024-01-01 00:00:00,227000.0,,영동대로114길 56,37.5166283511236,127.064134113929,"[{'전용면적(㎡)': 84.9, '거래금액(만원)': 227000.0}]",227000.0,,,,
래미안삼성2차,164.72,2024-01-01 00:00:00,390000.0,63.87,선릉로130길 20,37.5156660777991,127.043343754852,"[{'전용면적(㎡)': 164.72, '거래금액(만원)': 390000.0}, {'전용면적(㎡)': 134.81, '거래금액(만원)': 368000.0}, {'전용면적(㎡)': 105.5, '거래금액(만원)': 269000.0}, {'전용면적(㎡)': 84.92, '거래금액(만원)': 246500.0}, {'전용면적(㎡)': 101.38, '거래금액(만원)': 238000.0}]",390000.0,,,238000.0,
래미안신사,84.89,2024-01-01 00:00:00,230000.0,,압구정로2길 20,37.5201049771688,127.019620204079,"[{'전용면적(㎡)': 84.89, '거래금액(만원)': 230000.0}]",230000.0,,,,
래미안청담로이뷰,110.2,2023-01-01 00:00:00,380000.0,,영동대로142길 16,37.5247603297912,127.056409185627,"[{'전용면적(㎡)': 110.2, '거래금액(만원)': 380000.0}]",,,,380000.0,
래미안펜타빌,157.37,2022-01-01 00:00:00,360000.0,-4.72,역삼로 309,37.500299161164,127.046905010952,"[{'전용면적(㎡)': 157.37, '거래금액(만원)': 360000.0}, {'전용면적(㎡)': 136.28, '거래금액(만원)': 352000.0}]",343000.0,,360000.0,314000.0,
래미안포레,101.51,2024-01-01 00:00:00,180000.0,,밤고개로21길 25,37.4750475248595,127.107644379249,"[{'전용면적(㎡)': 101.51, '거래금액(만원)': 180000.0}, {'전용면적(㎡)': 84.99, '거래금액(만원)': 165000.0}]",180000.0,,,,
럭키(462),79.89,2023-01-01 00:00:00,215000.0,,남부순환로 2740,37.4863010539522,127.04614559303,"[{'전용면적(㎡)': 79.89, '거래금액(만원)': 215000.0}]",,,,215000.0,
럭키(963),124.1,2022-01-01 00:00:00,270000.0,,논현로 213,37.4915488149067,127.040954182934,"[{'전용면적(㎡)': 124.1, '거래금액(만원)': 270000.0}, {'전용면적(㎡)': 84.97, '거래금액(만원)': 235500.0}]",,,260000.0,,
레미안삼성1차(101동),84.98,2024-01-01 00:00:00,225000.0,11.94,영동대로114길 56,37.5166283511236,127.064134113929,"[{'전용면적(㎡)': 84.98, '거래금액(만원)': 225000.0}]",225000.0,,,201000.0,
로데오현대,90.94,2024-01-01 00:00:00,162500.0,14.44,압구정로50길 28,37.5266478506594,127.037303318538,"[{'전용면적(㎡)': 90.94, '거래금액(만원)': 162500.0}, {'전용면적(㎡)': 84.96, '거래금액(만원)': 142000.0}, {'전용면적(㎡)': 55.08, '거래금액(만원)': 119000.0}]",162500.0,,142000.0,,
로덴하우스웨스트빌리지,244.66,2024-01-01 00:00:00,550000.0,,남부순환로378길 11,37.4855169296283,127.046546049074,"[{'전용면적(㎡)': 244.66, '거래금액(만원)': 550000.0}]",550000.0,,,,
로덴하우스이스트빌리지,243.36,2024-01-01 00:00:00,550000.0,,남부순환로378길 9,37.4856717671836,127.046889645752,"[{'전용면적(㎡)': 243.36, '거래금액(만원)': 550000.0}]",550000.0,,,,
로체샤르캐슬,106.59,2022-01-01 00:00:00,139000.0,,언주로136길 16,37.5171819597974,127.036877024482,"[{'전용면적(㎡)': 106.59, '거래금액(만원)': 139000.0}]",,,139000.0,,
롯데캐슬,135.73,2022-01-01 00:00:00,294000.0,-26.87,삼성로85길 11,37.5045993053356,127.056186481052,"[{'전용면적(㎡)': 135.73, '거래금액(만원)': 294000.0}, {'전용면적(㎡)': 105.18, '거래금액(만원)': 260000.0}, {'전용면적(㎡)': 84.75, '거래금액(만원)': 215000.0}]",215000.0,,294000.0,,
롯데캐슬노블,176.03,2024-01-01 00:00:00,219000.0,,도곡로13길 19,37.4926412119382,127.03562324031,"[{'전용면적(㎡)': 176.03, '거래금액(만원)': 219000.0}]",219000.0,,,,
롯데캐슬리베,121.0894,2024-01-01 00:00:00,310000.0,,도곡로 404,37.4961855830196,127.053553804427,"[{'전용면적(㎡)': 121.0894, '거래금액(만원)': 310000.0}]",310000.0,,,,
롯데캐슬프레미어,144.113,2024-01-01 00:00:00,405000.0,10.35,선릉로126길 22,37.51625004573,127.045193621733,"[{'전용면적(㎡)': 144.113, '거래금액(만원)': 405000.0}, {'전용면적(㎡)': 213.435, '거래금액(만원)': 367000.0}, {'전용면적(㎡)': 121.931, '거래금액(만원)': 350000.0}, {'전용면적(㎡)': 101.81, '거래금액(만원)': 310000.0}, {'전용면적(㎡)': 84.465, '거래금액(만원)': 275000.0}]",405000.0,,,367000.0,
리갈팰리스,184.63,2024-01-01 00:00:00,270000.0,,도산대로35길 46,37.5237486995211,127.03072000986,"[{'전용면적(㎡)': 184.63, '거래금액(만원)': 270000.0}]",270000.0,,,,
리더스,83.62,2024-01-01 00:00:00,90000.0,,논현로2길 62,37.4743906958706,127.054814821439,"[{'전용면적(㎡)': 83.62, '거래금액(만원)': 90000.0}]",90000.0,,,,
리츠빌아파트,93.22,2022-01-01 00:00:00,85000.0,,논현로64길 28,37.4936254790245,127.042671984331,"[{'전용면적(㎡)': 93.22, '거래금액(만원)': 85000.0}]",,,85000.0,,
리치타워,86.76,2024-01-01 00:00:00,73000.0,,논현로105길 52,37.5054259716452,127.030032669535,"[{'전용면적(㎡)': 86.76, '거래금액(만원)': 73000.0}]",73000.0,,,,
마블하우스,171.2,2024-01-01 00:00:00,182000.0,13.04,봉은사로51길 36,37.5123786710155,127.042361091764,"[{'전용면적(㎡)': 171.2, '거래금액(만원)': 182000.0}, {'전용면적(㎡)': 142.48, '거래금액(만원)': 161000.0}]",182000.0,,,161000.0,
마이다스힐빌라트,243.52,2022-01-01 00:00:00,72000.0,,역삼로25길 20,37.4976466800129,127.039810141595,"[{'전용면적(㎡)': 243.52, '거래금액(만원)': 72000.0}]",,,72000.0,,
마일스디오빌,36.29,2022-01-01 00:00:00,42000.0,,학동로 165,37.5138611699241,127.02897846584,"[{'전용면적(㎡)': 36.29, '거래금액(만원)': 42000.0}]",,,42000.0,,
마크힐스웨스트윙,183.5,2022-01-01 00:00:00,570000.0,,영동대로142길 21,37.5247924931945,127.055077931061,"[{'전용면적(㎡)': 183.5, '거래금액(만원)': 570000.0}]",,,570000.0,,
마크힐스이스트윙,192.86,2024-01-01 00:00:00,850000.0,,영동대로142길 19,37.5245388138369,127.055179106033,"[{'전용면적(㎡)': 192.86, '거래금액(만원)': 850000.0}]",850000.0,,,,
매봉삼성,84.95,2024-01-01 00:00:00,165000.0,3.12,언주로 203,37.4891697762307,127.048827759811,"[{'전용면적(㎡)': 84.95, '거래금액(만원)': 165000.0}, {'전용면적(㎡)': 59.82, '거래금액(만원)': 160000.0}]",165000.0,,160000.0,,
메트로,99.26,2024-01-01 00:00:00,100000.0,,삼성로75길 34,37.5029628770794,127.055470839455,"[{'전용면적(㎡)': 99.26, '거래금액(만원)': 100000.0}]",100000.0,,,,
명인갤러리,84.78,2024-01-01 00:00:00,109000.0,,언주로75길 22,37.4985236788751,127.042512943373,"[{'전용면적(㎡)': 84.78, '거래금액(만원)': 109000.0}]",109000.0,,,,
목련타운,134.71,2024-01-01 00:00:00,299000.0,18.18,광평로19길 15,37.485530536641,127.084797907539,"[{'전용면적(㎡)': 134.71, '거래금액(만원)': 299000.0}, {'전용면적(㎡)': 99.79, '거래금액(만원)': 253000.0}]",299000.0,,253000.0,,
목화,133.97,2023-01-01 00:00:00,300000.0,,도산대로85길 53,37.5281231846199,127.04990289151,"[{'전용면적(㎡)': 133.97, '거래금액(만원)': 300000.0}]",,,,300000.0,
미성1차,153.35,2024-01-01 00:00:00,550000.0,-4.76,압구정로11길 17,37.5255813601835,127.020161146724,"[{'전용면적(㎡)': 153.35, '거래금액(만원)': 550000.0}, {'전용면적(㎡)': 180.56, '거래금액(만원)': 525000.0}, {'전용면적(㎡)': 105.62, '거래금액(만원)': 380000.0}]",500000.0,,,525000.0,
미성2차,140.9,2024-01-01 00:00:00,525000.0,,압구정로 113,37.5244043008813,127.018445606778,"[{'전용면적(㎡)': 140.9, '거래금액(만원)': 525000.0}, {'전용면적(㎡)': 118.63, '거래금액(만원)': 450000.0}, {'전용면적(㎡)': 74.4, '거래금액(만원)': 340000.0}]",525000.0,,,,
미켈란107,83.0,2024-01-01 00:00:00,212000.0,,영동대로 602,37.5147215906749,127.060483947525,"[{'전용면적(㎡)': 83.0, '거래금액(만원)': 212000.0}]",212000.0,,,,
벨러스빌,86.51,2022-01-01 00:00:00,65000.0,,학동로5길 17,37.5129128966863,127.022639691507,"[{'전용면적(㎡)': 86.51, '거래금액(만원)': 65000.0}]",,,65000.0,,
브라운스톤역삼,59.96,2022-01-01 00:00:00,109000.0,,역삼로 171,37.4956539271268,127.037881809178,"[{'전용면적(㎡)': 59.96, '거래금액(만원)': 109000.0}]",,,109000.0,,
브라이튼N40,126.2239,2024-01-01 00:00:00,505000.0,,논현로131길 44,37.5144192788413,127.026160285575,"[{'전용면적(㎡)': 126.2239, '거래금액(만원)': 505000.0}]",505000.0,,,,
브르넨삼성,49.86,2024-01-01 00:00:00,223000.0,,영동대로122길 2,37.5167639858082,127.05941846994,"[{'전용면적(㎡)': 49.86, '거래금액(만원)': 223000.0}, {'전용면적(㎡)': 40.07, '거래금액(만원)': 190000.0}]",223000.0,,,,
빌폴라리스,166.01,2023-01-01 00:00:00,570000.0,,압구정로79길 76,37.5254852489641,127.053762987191,"[{'전용면적(㎡)': 166.01, '거래금액(만원)': 570000.0}]",,,,570000.0,
삼부아그레빌,97.671,2023-01-01 00:00:00,190000.0,,영동대로114길 63,37.5179239516477,127.064045973701,"[{'전용면적(㎡)': 97.671, '거래금액(만원)': 190000.0}]",,,,190000.0,
삼부아파트102동,92.09,2023-01-01 00:00:00,160000.0,,봉은사로111길 34,37.5174247014183,127.064879324264,"[{'전용면적(㎡)': 92.09, '거래금액(만원)': 160000.0}]",,,,160000.0,
삼성,84.91,2022-01-01 00:00:00,220000.0,-4.55,남부순환로379길 14,37.4893275646597,127.046311637478,"[{'전용면적(㎡)': 84.91, '거래금액(만원)': 220000.0}, {'전용면적(㎡)': 80.75, '거래금액(만원)': 210000.0}, {'전용면적(㎡)': 73.41, '거래금액(만원)': 190000.0}, {'전용면적(㎡)': 59.86, '거래금액(만원)': 172000.0}, {'전용면적(㎡)': 54.81, '거래금액(만원)': 170000.0}]",210000.0,,220000.0,,
삼성3차,144.09,2024-01-01 00:00:00,290000.0,81.25,도곡로78길 13,37.4975460793057,127.060155261056,"[{'전용면적(㎡)': 144.09, '거래금액(만원)': 290000.0}, {'전용면적(㎡)': 84.78, '거래금액(만원)': 160000.0}]",290000.0,,,160000.0,
삼성동롯데아파트,91.77,2024-01-01 00:00:00,240000.0,,학동로 432,37.5182040108372,127.048697131099,"[{'전용면적(㎡)': 91.77, '거래금액(만원)': 240000.0}, {'전용면적(㎡)': 84.87, '거래금액(만원)': 227000.0}, {'전용면적(㎡)': 59.4, '거래금액(만원)': 185000.0}]",240000.0,,,,
삼성동롯데캐슬킹덤,170.8,2023-01-01 00:00:00,298000.0,-28.86,선릉로112길 53,37.513436129267,127.047692784414,"[{'전용면적(㎡)': 170.8, '거래금액(만원)': 298000.0}, {'전용면적(㎡)': 131.65, '거래금액(만원)': 250000.0}, {'전용면적(㎡)': 123.97, '거래금액(만원)': 248000.0}, {'전용면적(㎡)': 148.5, '거래금액(만원)': 212000.0}]",212000.0,,,298000.0,
삼성동브라운스톤레전드,219.48,2022-01-01 00:00:00,440000.0,-2.73,선릉로 660,37.5155511161052,127.042332457469,"[{'전용면적(㎡)': 219.48, '거래금액(만원)': 440000.0}, {'전용면적(㎡)': 204.1, '거래금액(만원)': 428000.0}, {'전용면적(㎡)': 201.65, '거래금액(만원)': 334000.0}]",,,440000.0,428000.0,
삼성동센트럴아이파크,103.32,2024-01-01 00:00:00,349000.0,9.06,삼성로 629,37.5157864094542,127.051319226082,"[{'전용면적(㎡)': 103.32, '거래금액(만원)': 349000.0}, {'전용면적(㎡)': 84.98, '거래금액(만원)': 326000.0}, {'전용면적(㎡)': 59.96, '거래금액(만원)': 250000.0}, {'전용면적(㎡)': 49.94, '거래금액(만원)': 169000.0}]",349000.0,,,320000.0,
삼성동신도브래뉴,104.191,2022-01-01 00:00:00,120000.0,,삼성로103길 12,37.5103690964957,127.053410791714,"[{'전용면적(㎡)': 104.191, '거래금액(만원)': 120000.0}]",,,120000.0,,
삼성동신영지웰,215.45,2024-01-01 00:00:00,263000.0,,봉은사로 448,37.511456156165,127.048835713889,"[{'전용면적(㎡)': 215.45, '거래금액(만원)': 263000.0}]",263000.0,,,,
삼성동중앙하이츠빌리지,152.98,2023-01-01 00:00:00,387000.0,-22.35,학동로68길 30,37.5165797525495,127.046509909248,"[{'전용면적(㎡)': 152.98, '거래금액(만원)': 387000.0}, {'전용면적(㎡)': 84.87, '거래금액(만원)': 264000.0}, {'전용면적(㎡)': 59.98, '거래금액(만원)': 218000.0}]",205000.0,,264000.0,387000.0,
삼성동한솔아파트,109.51,2024-01-01 00:00:00,200000.0,,학동로64길 7,37.5176478585343,127.045438795789,"[{'전용면적(㎡)': 109.51, '거래금액(만원)': 200000.0}, {'전용면적(㎡)': 85.0, '거래금액(만원)': 186000.0}, {'전용면적(㎡)': 58.57, '거래금액(만원)': 163000.0}]",200000.0,,,,
삼성동헤렌하우스2(82-1),217.86,2022-01-01 00:00:00,500000.0,,영동대로128길 45,37.5193741361681,127.061117435288,"[{'전용면적(㎡)': 217.86, '거래금액(만원)': 500000.0}, {'전용면적(㎡)': 233.68, '거래금액(만원)': 445000.0}]",,,445000.0,,
삼성동힐스테이트 1단지,114.463,2023-01-01 00:00:00,380000.0,121.18,학동로68길 29,37.5165602922999,127.04718779295,"[{'전용면적(㎡)': 114.463, '거래금액(만원)': 380000.0}, {'전용면적(㎡)': 84.236, '거래금액(만원)': 288000.0}, {'전용면적(㎡)': 31.402, '거래금액(만원)': 127500.0}, {'전용면적(㎡)': 26.5, '거래금액(만원)': 105000.0}]",282000.0,,127500.0,380000.0,
삼성래미안,122.81,2024-01-01 00:00:00,330000.0,,남부순환로 2803,,,"[{'전용면적(㎡)': 122.81, '거래금액(만원)': 330000.0}, {'전용면적(㎡)': 84.89, '거래금액(만원)': 270000.0}, {'전용면적(㎡)': 89.88, '거래금액(만원)': 264000.0}, {'전용면적(㎡)': 59.96, '거래금액(만원)': 218000.0}]",330000.0,,,,
삼성리치빌1,84.98,2024-01-01 00:00:00,160000.0,,학동로82길 6,37.5183842278921,127.051214674812,"[{'전용면적(㎡)': 84.98, '거래금액(만원)': 160000.0}]",160000.0,,,,
삼성오네뜨,153.53,2023-01-01 00:00:00,240000.0,-12.92,테헤란로79길 42,37.5097950323093,127.054276536049,"[{'전용면적(㎡)': 153.53, '거래금액(만원)': 240000.0}, {'전용면적(㎡)': 144.43, '거래금액(만원)': 209000.0}]",209000.0,,,240000.0,
삼성월드타워,84.202,2023-01-01 00:00:00,160000.0,,학동로 408,37.5174731272221,127.044082881755,"[{'전용면적(㎡)': 84.202, '거래금액(만원)': 160000.0}]",,,,160000.0,
삼성청담공원아파트,107.22,2022-01-01 00:00:00,235000.0,-14.89,도산대로96길 39,37.5230042633715,127.050463180352,"[{'전용면적(㎡)': 107.22, '거래금액(만원)': 235000.0}, {'전용면적(㎡)': 84.96, '거래금액(만원)': 200000.0}, {'전용면적(㎡)': 59.93, '거래금액(만원)': 163000.0}]",200000.0,,235000.0,,
삼성청담아파트,129.16,2024-01-01 00:00:00,262000.0,,학동로 405,37.5178177150654,127.04223600519,"[{'전용면적(㎡)': 129.16, '거래금액(만원)': 262000.0}, {'전용면적(㎡)': 114.83, '거래금액(만원)': 243000.0}, {'전용면적(㎡)': 84.86, '거래금액(만원)': 210000.0}, {'전용면적(㎡)': 59.99, '거래금액(만원)': 162000.0}]",262000.0,,,,
삼성풍림2차아파트,59.94,2024-01-01 00:00:00,159700.0,,봉은사로105길 12-7,37.5160235996074,127.06244887977,"[{'전용면적(㎡)': 59.94, '거래금액(만원)': 159700.0}]",159700.0,,,,
삼익,153.71,2024-01-01 00:00:00,263000.0,22.33,광평로51길 27,37.4896147291453,127.100730117136,"[{'전용면적(㎡)': 153.71, '거래금액(만원)': 263000.0}, {'전용면적(㎡)': 104.01, '거래금액(만원)': 215000.0}, {'전용면적(㎡)': 84.48, '거래금액(만원)': 188500.0}, {'전용면적(㎡)': 60.0, '거래금액(만원)': 165000.0}, {'전용면적(㎡)': 49.2, '거래금액(만원)': 129000.0}]",263000.0,,215000.0,,
삼익대청아파트,60.0,2024-01-01 00:00:00,177500.0,13.06,개포로109길 21,37.4956264931259,127.077191033018,"[{'전용면적(㎡)': 60.0, '거래금액(만원)': 177500.0}, {'전용면적(㎡)': 51.12, '거래금액(만원)': 157000.0}, {'전용면적(㎡)': 39.53, '거래금액(만원)': 132500.0}]",177500.0,,157000.0,,
삼호빌라A동,196.53,2024-01-01 00:00:00,330000.0,,도산대로83길 43,37.527266809274,127.048760039738,"[{'전용면적(㎡)': 196.53, '거래금액(만원)': 330000.0}]",330000.0,,,,
삼환(101동),114.97,2024-01-01 00:00:00,230000.0,16.16,학동로77길 49,37.5221283395974,127.047566189072,"[{'전용면적(㎡)': 114.97, '거래금액(만원)': 230000.0}, {'전용면적(㎡)': 99.01, '거래금액(만원)': 198000.0}, {'전용면적(㎡)': 84.98, '거래금액(만원)': 180000.0}]",230000.0,,198000.0,160000.0,
삼환SOGOOD,105.6,2024-01-01 00:00:00,190000.0,,도곡로 413,37.4975626710697,127.055719026391,"[{'전용면적(㎡)': 105.6, '거래금액(만원)': 190000.0}]",190000.0,,,,
상록수,84.95,2024-01-01 00:00:00,235000.0,,광평로10길 15,37.482899384108,127.083445404216,"[{'전용면적(㎡)': 84.95, '거래금액(만원)': 235000.0}, {'전용면적(㎡)': 74.54, '거래금액(만원)': 218000.0}]",235000.0,,,,
상지리츠빌(1호라인),153.65,2023-01-01 00:00:00,190000.0,,언주로 320,37.4965431435832,127.045969489236,"[{'전용면적(㎡)': 153.65, '거래금액(만원)': 190000.0}]",,,,190000.0,
상지리츠빌4B,172.98,2024-01-01 00:00:00,352000.0,,압구정로77길 39,37.5277328245039,127.048058927989,"[{'전용면적(㎡)': 172.98, '거래금액(만원)': 352000.0}]",352000.0,,,,
상지리츠빌5B,152.85,2022-01-01 00:00:00,290000.0,,도산대로101길 17-5,37.5263589576027,127.052343501004,"[{'전용면적(㎡)': 152.85, '거래금액(만원)': 290000.0}]",,,290000.0,,
상지리츠빌9차,200.88,2023-01-01 00:00:00,440000.0,,압구정로77길 27,37.5268977545178,127.047889941387,"[{'전용면적(㎡)': 200.88, '거래금액(만원)': 440000.0}]",,,,440000.0,
상지리츠빌카일룸,210.5,2023-01-01 00:00:00,650000.0,,남부순환로373길 23,37.487864015163,127.04382497418,"[{'전용면적(㎡)': 210.5, '거래금액(만원)': 650000.0}]",,,,650000.0,
상지리츠빌카일룸(65-4),237.74,2024-01-01 00:00:00,600000.0,,삼성로 636,37.5168105042746,127.051699880568,"[{'전용면적(㎡)': 237.74, '거래금액(만원)': 600000.0}]",600000.0,,,,
상지리츠빌카일룸2차,244.32,2024-01-01 00:00:00,1000000.0,,압구정로79길 87,37.5264793535456,127.054290431887,"[{'전용면적(㎡)': 244.32, '거래금액(만원)': 1000000.0}]",1000000.0,,,,
새롬(1164-12),73.5,2022-01-01 00:00:00,111500.0,,논현로2길 34,37.4731834684553,127.052957898166,"[{'전용면적(㎡)': 73.5, '거래금액(만원)': 111500.0}]",,,111500.0,,
새롬(1164-13),59.67,2024-01-01 00:00:00,79500.0,,논현로2길 36,37.4732789109622,127.053101764261,"[{'전용면적(㎡)': 59.67, '거래금액(만원)': 79500.0}]",79500.0,,,,
새롬(1164-14),57.93,2023-01-01 00:00:00,50000.0,,논현로2길 38,37.4733733628436,127.053244160377,"[{'전용면적(㎡)': 57.93, '거래금액(만원)': 50000.0}]",,,,50000.0,
샘터마을,134.438,2024-01-01 00:00:00,276000.0,4.15,일원로 120,37.4852019134102,127.082672775781,"[{'전용면적(㎡)': 134.438, '거래금액(만원)': 276000.0}, {'전용면적(㎡)': 101.97, '거래금액(만원)': 265000.0}]",276000.0,,265000.0,,
서광아파트,84.93,2024-01-01 00:00:00,220000.0,,선릉로130길 19,37.5170321477204,127.042937103599,"[{'전용면적(㎡)': 84.93, '거래금액(만원)': 220000.0}, {'전용면적(㎡)': 59.67, '거래금액(만원)': 176000.0}]",220000.0,,,,
석탑아파트101동,84.6,2024-01-01 00:00:00,203000.0,-19.95,학동로 412,37.51741540077,127.044965038614,"[{'전용면적(㎡)': 84.6, '거래금액(만원)': 203000.0}, {'전용면적(㎡)': 59.82, '거래금액(만원)': 162500.0}]",203000.0,,,,162500.0
선경1차(1동-7동),163.92,2024-01-01 00:00:00,479000.0,24.74,삼성로 151,37.493154981993,127.062999980103,"[{'전용면적(㎡)': 163.92, '거래금액(만원)': 479000.0}, {'전용면적(㎡)': 136.68, '거래금액(만원)': 450000.0}, {'전용면적(㎡)': 117.7, '거래금액(만원)': 384000.0}, {'전용면적(㎡)': 84.35, '거래금액(만원)': 320000.0}]",479000.0,,384000.0,,
선경2차(8동-12동),160.76,2024-01-01 00:00:00,500000.0,,삼성로 151,37.493154981993,127.062999980103,"[{'전용면적(㎡)': 160.76, '거래금액(만원)': 500000.0}, {'전용면적(㎡)': 127.75, '거래금액(만원)': 435000.0}, {'전용면적(㎡)': 84.55, '거래금액(만원)': 344500.0}]",500000.0,,,,
선경3차,76.6,2022-01-01 00:00:00,210000.0,,남부순환로395길 10,37.4941797122137,127.060909637101,"[{'전용면적(㎡)': 76.6, '거래금액(만원)': 210000.0}]",,,210000.0,,
선릉역대우아이빌(890-49),28.34,2023-01-01 00:00:00,26000.0,28.95,테헤란로64길 9,37.5044954460598,127.051585189734,"[{'전용면적(㎡)': 28.34, '거래금액(만원)': 26000.0}, {'전용면적(㎡)': 25.42, '거래금액(만원)': 24500.0}, {'전용면적(㎡)': 20.37, '거래금액(만원)': 19000.0}]",24500.0,,19000.0,26000.0,
성영forU,164.53,2023-01-01 00:00:00,168000.0,,선릉로107길 24,37.509269037957,127.042099422355,"[{'전용면적(㎡)': 164.53, '거래금액(만원)': 168000.0}, {'전용면적(㎡)': 114.01, '거래금액(만원)': 116000.0}]",,,,168000.0,
성원대치2단지아파트,49.86,2024-01-01 00:00:00,153000.0,5.52,개포로109길 9,37.4957518185981,127.075101271591,"[{'전용면적(㎡)': 49.86, '거래금액(만원)': 153000.0}, {'전용면적(㎡)': 39.53, '거래금액(만원)': 145000.0}, {'전용면적(㎡)': 33.18, '거래금액(만원)': 125000.0}]",153000.0,,145000.0,,
세곡리엔파크(3단지),84.96,2024-01-01 00:00:00,122000.0,,헌릉로590길 11,37.4643990418051,127.104002692314,"[{'전용면적(㎡)': 84.96, '거래금액(만원)': 122000.0}]",122000.0,,,,
세곡푸르지오,84.83,2022-01-01 00:00:00,160000.0,-10.62,자곡로 21,37.4673466520187,127.093264549075,"[{'전용면적(㎡)': 84.83, '거래금액(만원)': 160000.0}, {'전용면적(㎡)': 74.74, '거래금액(만원)': 140000.0}, {'전용면적(㎡)': 59.89, '거래금액(만원)': 135000.0}]",143000.0,,160000.0,140000.0,
세방하이빌1,59.77,2024-01-01 00:00:00,121000.0,,역삼로 240,37.4973509140032,127.042803926344,"[{'전용면적(㎡)': 59.77, '거래금액(만원)': 121000.0}]",121000.0,,,,
세영팔레스타운,68.61,2024-01-01 00:00:00,158500.0,,영동대로65길 57,37.5007773305534,127.062122466182,"[{'전용면적(㎡)': 68.61, '거래금액(만원)': 158500.0}, {'전용면적(㎡)': 84.85, '거래금액(만원)': 157500.0}]",157500.0,,,,
수서,59.94,2024-01-01 00:00:00,128000.0,19.63,양재대로55길 12,37.4936295805412,127.089707610517,"[{'전용면적(㎡)': 59.94, '거래금액(만원)': 128000.0}, {'전용면적(㎡)': 52.29, '거래금액(만원)': 110000.0}, {'전용면적(㎡)': 39.98, '거래금액(만원)': 107000.0}]",128000.0,,107000.0,110000.0,
수서한아름,163.68,2024-01-01 00:00:00,250000.0,,광평로51길 22,37.4902172303572,127.103957177072,"[{'전용면적(㎡)': 163.68, '거래금액(만원)': 250000.0}, {'전용면적(㎡)': 129.45, '거래금액(만원)': 219500.0}, {'전용면적(㎡)': 97.63, '거래금액(만원)': 183000.0}]",250000.0,,,,
시티(B동),157.63,2024-01-01 00:00:00,260000.0,,봉은사로109길 66-7,37.5187787911302,127.064271356537,"[{'전용면적(㎡)': 157.63, '거래금액(만원)': 260000.0}]",260000.0,,,,
시티프라디움더강남101동,59.99,2024-01-01 00:00:00,180000.0,,언주로 557,37.5074195762945,127.039126999341,"[{'전용면적(㎡)': 59.99, '거래금액(만원)': 180000.0}]",180000.0,,,,
신동아,84.94,2022-01-01 00:00:00,275000.0,-12.73,광평로47길 17,37.4879086504963,127.098186321626,"[{'전용면적(㎡)': 84.94, '거래금액(만원)': 275000.0}, {'전용면적(㎡)': 242.04, '거래금액(만원)': 240000.0}, {'전용면적(㎡)': 49.96, '거래금액(만원)': 140500.0}, {'전용면적(㎡)': 39.51, '거래금액(만원)': 130000.0}, {'전용면적(㎡)': 33.18, '거래금액(만원)': 115000.0}]",240000.0,,275000.0,,
신동아(22),114.34,2022-01-01 00:00:00,229000.0,,강남대로146길 28,37.5150254952533,127.023030453954,"[{'전용면적(㎡)': 114.34, '거래금액(만원)': 229000.0}, {'전용면적(㎡)': 84.52, '거래금액(만원)': 180000.0}, {'전용면적(㎡)': 35.73, '거래금액(만원)': 99500.0}]",,,229000.0,,
신동아듀크빌,243.81,2023-01-01 00:00:00,355000.0,,봉은사로113길 33,37.5174325989231,127.065426133383,"[{'전용면적(㎡)': 243.81, '거래금액(만원)': 355000.0}]",,,,355000.0,
신동아빌라트,172.74,2022-01-01 00:00:00,345000.0,,도산대로81길 61,37.5273288822515,127.044912952275,"[{'전용면적(㎡)': 172.74, '거래금액(만원)': 345000.0}]",,,345000.0,,
신사동닛시빌라트,133.5,2024-01-01 00:00:00,167000.0,,압구정로42길 46,37.5259926331637,127.034362660559,"[{'전용면적(㎡)': 133.5, '거래금액(만원)': 167000.0}]",167000.0,,,,
신사동씨티빌,60.938,2023-01-01 00:00:00,55000.0,,강남대로162길 27-26,37.5210462547671,127.020677682939,"[{'전용면적(㎡)': 60.938, '거래금액(만원)': 55000.0}]",,,,55000.0,
신사아이빌(522),84.93,2024-01-01 00:00:00,138000.0,,압구정로2길 15,37.5207186841862,127.019955768192,"[{'전용면적(㎡)': 84.93, '거래금액(만원)': 138000.0}]",138000.0,,,,
신사아크존2,135.72,2022-01-01 00:00:00,228000.0,,압구정로34길 49,37.5248903596533,127.030719912352,"[{'전용면적(㎡)': 135.72, '거래금액(만원)': 228000.0}]",,,228000.0,,
신성아파트101동,84.9,2024-01-01 00:00:00,195000.0,44.44,언주로167길 15,37.5262583049708,127.031913873685,"[{'전용면적(㎡)': 84.9, '거래금액(만원)': 195000.0}, {'전용면적(㎡)': 59.67, '거래금액(만원)': 135000.0}]",195000.0,,,135000.0,
신현대11차,183.41,2024-01-01 00:00:00,860000.0,,압구정로 151,37.5267858196588,127.024454982256,"[{'전용면적(㎡)': 183.41, '거래금액(만원)': 860000.0}, {'전용면적(㎡)': 171.43, '거래금액(만원)': 730000.0}, {'전용면적(㎡)': 108.36, '거래금액(만원)': 502000.0}, {'전용면적(㎡)': 115.23, '거래금액(만원)': 420000.0}]",860000.0,,,,
신현대12차,182.95,2024-01-01 00:00:00,750000.0,,압구정로 151,37.5267858196588,127.024454982256,"[{'전용면적(㎡)': 182.95, '거래금액(만원)': 750000.0}, {'전용면적(㎡)': 155.52, '거래금액(만원)': 715000.0}, {'전용면적(㎡)': 170.38, '거래금액(만원)': 705000.0}, {'전용면적(㎡)': 110.82, '거래금액(만원)': 510000.0}, {'전용면적(㎡)': 121.18, '거래금액(만원)': 480000.0}, {'전용면적(㎡)': 108.31, '거래금액(만원)': 425000.0}]",750000.0,,,,
신현대9차,152.39,2024-01-01 00:00:00,710000.0,,압구정로 151,37.5267858196588,127.024454982256,"[{'전용면적(㎡)': 152.39, '거래금액(만원)': 710000.0}, {'전용면적(㎡)': 108.88, '거래금액(만원)': 505000.0}, {'전용면적(㎡)': 111.38, '거래금액(만원)': 490000.0}]",710000.0,,,,
쌍용,59.91,2024-01-01 00:00:00,110000.0,4.76,도산대로50길 43,37.5197676154577,127.037868657658,"[{'전용면적(㎡)': 59.91, '거래금액(만원)': 110000.0}, {'전용면적(㎡)': 84.87, '거래금액(만원)': 105000.0}]",110000.0,,,105000.0,
쌍용대치2,120.76,2024-01-01 00:00:00,335000.0,,영동대로 220,37.4999239843615,127.070627671886,"[{'전용면적(㎡)': 120.76, '거래금액(만원)': 335000.0}, {'전용면적(㎡)': 84.49, '거래금액(만원)': 272000.0}]",335000.0,,,,
"쌍용대치아파트1동,2동,3동,5동,6동",148.8,2024-01-01 00:00:00,394000.0,,영동대로 210,37.4988556676427,127.071367051995,"[{'전용면적(㎡)': 148.8, '거래금액(만원)': 394000.0}, {'전용면적(㎡)': 128.03, '거래금액(만원)': 370000.0}, {'전용면적(㎡)': 83.56, '거래금액(만원)': 292500.0}]",394000.0,,,,
쌍용플래티넘,154.77,2023-01-01 00:00:00,253000.0,,봉은사로 474,37.5123672407678,127.052026639291,"[{'전용면적(㎡)': 154.77, '거래금액(만원)': 253000.0}, {'전용면적(㎡)': 152.25, '거래금액(만원)': 250000.0}]",,,,253000.0,
썬-타워빌딩,23.72,2022-01-01 00:00:00,67352.0,,도산대로 225,37.5210921879785,127.031387468417,"[{'전용면적(㎡)': 23.72, '거래금액(만원)': 67352.0}, {'전용면적(㎡)': 16.4, '거래금액(만원)': 46534.0}]",,,67352.0,,
씨티2차(201동),133.95,2023-01-01 00:00:00,350000.0,,선릉로190길 92,37.5283490190867,127.049154784297,"[{'전용면적(㎡)': 133.95, '거래금액(만원)': 350000.0}]",,,,350000.0,
씨티2차(202동),115.1,2024-01-01 00:00:00,355000.0,,선릉로190길 90,37.528436926423,127.04879360982,"[{'전용면적(㎡)': 115.1, '거래금액(만원)': 355000.0}]",355000.0,,,,
아노스카운트빌라트,178.36,2023-01-01 00:00:00,250000.0,-12.0,도산대로61길 13,37.5248453479827,127.042761030216,"[{'전용면적(㎡)': 178.36, '거래금액(만원)': 250000.0}, {'전용면적(㎡)': 227.59, '거래금액(만원)': 220000.0}]",220000.0,,,250000.0,
아델하우스,211.6,2023-01-01 00:00:00,480000.0,,학동로82길 29,37.5170271385081,127.052442518846,"[{'전용면적(㎡)': 211.6, '거래금액(만원)': 480000.0}]",,,,480000.0,
아름빌(889-74),30.46,2024-01-01 00:00:00,30000.0,,선릉로86길 11,37.5034040395308,127.050586603895,"[{'전용면적(㎡)': 30.46, '거래금액(만원)': 30000.0}]",30000.0,,,,
아셈,83.65,2024-01-01 00:00:00,197500.0,,영동대로112길 22,37.5151177851468,127.062003253862,"[{'전용면적(㎡)': 83.65, '거래금액(만원)': 197500.0}]",197500.0,,,,
아이파크,195.388,2024-01-01 00:00:00,779000.0,40.36,영동대로 640,37.5183982498328,127.059549285144,"[{'전용면적(㎡)': 195.388, '거래금액(만원)': 779000.0}, {'전용면적(㎡)': 175.052, '거래금액(만원)': 635000.0}, {'전용면적(㎡)': 156.857, '거래금액(만원)': 628000.0}, {'전용면적(㎡)': 145.046, '거래금액(만원)': 600000.0}, {'전용면적(㎡)': 167.72, '거래금액(만원)': 555000.0}]",779000.0,,,555000.0,
아카데미스위트1,164.87,2024-01-01 00:00:00,347800.0,43.13,언주로30길 21,37.4888657676631,127.052014632509,"[{'전용면적(㎡)': 164.87, '거래금액(만원)': 347800.0}, {'전용면적(㎡)': 128.74, '거래금액(만원)': 243000.0}, {'전용면적(㎡)': 122.07, '거래금액(만원)': 220000.0}, {'전용면적(㎡)': 83.0, '거래금액(만원)': 189500.0}]",347800.0,,243000.0,,
아크로힐스논현,113.087,2024-01-01 00:00:00,327500.0,21.95,언주로 604,37.5095303215604,127.038421201117,"[{'전용면적(㎡)': 113.087, '거래금액(만원)': 327500.0}, {'전용면적(㎡)': 84.013, '거래금액(만원)': 249000.0}]",300000.0,,246000.0,,
아펠바움,241.83,2024-01-01 00:00:00,750000.0,,영동대로114길 72,37.5180521780537,127.06501051747,"[{'전용면적(㎡)': 241.83, '거래금액(만원)': 750000.0}]",750000.0,,,,
알파임하우스1,242.16,2023-01-01 00:00:00,550000.0,,언주로164길 20,37.5253009717156,127.035152314718,"[{'전용면적(㎡)': 242.16, '거래금액(만원)': 550000.0}]",,,,550000.0,
압구정대원칸타빌아파트,113.31,2024-01-01 00:00:00,214000.0,13.83,압구정로48길 15,37.5275289588427,127.037245042224,"[{'전용면적(㎡)': 113.31, '거래금액(만원)': 214000.0}, {'전용면적(㎡)': 97.08, '거래금액(만원)': 188000.0}, {'전용면적(㎡)': 84.85, '거래금액(만원)': 170000.0}, {'전용면적(㎡)': 59.73, '거래금액(만원)': 124000.0}]",214000.0,,188000.0,,
압구정하이츠파크,213.05,2023-01-01 00:00:00,605000.0,,압구정로42길 78,37.5240486607851,127.033632106831,"[{'전용면적(㎡)': 213.05, '거래금액(만원)': 605000.0}, {'전용면적(㎡)': 184.02, '거래금액(만원)': 500000.0}]",,,,605000.0,
에비뉴나인티,49.61,2022-01-01 00:00:00,156200.0,,도산대로59길 24,37.5251935763865,127.042536331242,"[{'전용면적(㎡)': 49.61, '거래금액(만원)': 156200.0}]",,,156200.0,,
에스케이허브젠,84.99,2023-01-01 00:00:00,96000.0,,역삼로 109,37.493685521392,127.031000004311,"[{'전용면적(㎡)': 84.99, '거래금액(만원)': 96000.0}]",,,,96000.0,
엘에이치삼성도시형생활주택,27.75,2022-01-01 00:00:00,41000.0,,영동대로112길 46,37.5155073940497,127.064002282904,"[{'전용면적(㎡)': 27.75, '거래금액(만원)': 41000.0}]",,,41000.0,,
역삼2차아이파크,84.891,2022-01-01 00:00:00,266000.0,-26.69,도곡로57길 12,37.4966694379764,127.051287708663,"[{'전용면적(㎡)': 84.891, '거래금액(만원)': 266000.0}, {'전용면적(㎡)': 59.368, '거래금액(만원)': 195000.0}]",195000.0,,266000.0,218000.0,
역삼I'PARK,131.38,2022-01-01 00:00:00,360000.0,-11.11,역삼로 307,37.4990489022234,127.044876444798,"[{'전용면적(㎡)': 131.38, '거래금액(만원)': 360000.0}, {'전용면적(㎡)': 144.641, '거래금액(만원)': 340000.0}, {'전용면적(㎡)': 116.285, '거래금액(만원)': 324000.0}, {'전용면적(㎡)': 28.246, '거래금액(만원)': 86700.0}]",320000.0,,360000.0,340000.0,
역삼동우정에쉐르1,71.78,2024-01-01 00:00:00,81000.0,,테헤란로4길 32,37.4963007308943,127.030160531629,"[{'전용면적(㎡)': 71.78, '거래금액(만원)': 81000.0}, {'전용면적(㎡)': 57.98, '거래금액(만원)': 68000.0}]",81000.0,,,,
역삼동칼라,95.3,2024-01-01 00:00:00,85000.0,68.32,논현로101길 6,37.5047574721307,127.034481968853,"[{'전용면적(㎡)': 95.3, '거래금액(만원)': 85000.0}, {'전용면적(㎡)': 60.66, '거래금액(만원)': 50500.0}]",85000.0,,,50500.0,
역삼동하나빌,33.37,2023-01-01 00:00:00,39000.0,,봉은사로 312,37.5092242727112,127.04129206423,"[{'전용면적(㎡)': 33.37, '거래금액(만원)': 39000.0}]",,,,39000.0,
역삼디오슈페리움,84.34,2024-01-01 00:00:00,125300.0,13.91,강남대로 324,37.4921449015471,127.030953005686,"[{'전용면적(㎡)': 84.34, '거래금액(만원)': 125300.0}]",125300.0,,,110000.0,
역삼래미안,80.87,2022-01-01 00:00:00,279500.0,-20.04,선릉로69길 19,37.4981263526043,127.050691041401,"[{'전용면적(㎡)': 80.87, '거래금액(만원)': 279500.0}, {'전용면적(㎡)': 59.4, '거래금액(만원)': 227000.0}]",223500.0,,279500.0,,
역삼르비앙1,152.58,2023-01-01 00:00:00,138000.0,,도곡로11길 13,37.4917833584137,127.035338217513,"[{'전용면적(㎡)': 152.58, '거래금액(만원)': 138000.0}]",,,,138000.0,
역삼센트럴2차아이파크,19.685,2023-01-01 00:00:00,52500.0,,역삼로 307-1,37.4999903769676,127.04647292863,"[{'전용면적(㎡)': 19.685, '거래금액(만원)': 52500.0}]",,,,52500.0,
역삼엔스위트1,90.15,2022-01-01 00:00:00,70000.0,,언주로103길 16,37.5066600072865,127.038645816249,"[{'전용면적(㎡)': 90.15, '거래금액(만원)': 70000.0}]",,,70000.0,,
역삼엔스위트102동,107.3,2022-01-01 00:00:00,128000.0,,언주로103길 14,37.5067207625412,127.03883664685,"[{'전용면적(㎡)': 107.3, '거래금액(만원)': 128000.0}]",,,128000.0,,
역삼우정에쉐르2,49.38,2022-01-01 00:00:00,74000.0,-6.76,테헤란로48길 10,37.502652453062,127.045872920554,"[{'전용면적(㎡)': 49.38, '거래금액(만원)': 74000.0}, {'전용면적(㎡)': 43.17, '거래금액(만원)': 65500.0}]",69000.0,,74000.0,,
역삼자이,114.5958,2022-01-01 00:00:00,340000.0,-15.59,언주로 420,37.500962635548,127.044168622231,"[{'전용면적(㎡)': 114.5958, '거래금액(만원)': 340000.0}, {'전용면적(㎡)': 84.993, '거래금액(만원)': 287000.0}, {'전용면적(㎡)': 59.9977, '거래금액(만원)': 230000.0}]",287000.0,,340000.0,,
역삼카이스아파트,100.8,2024-01-01 00:00:00,129000.0,,도곡로7길 23,37.4920785277657,127.03411429078,"[{'전용면적(㎡)': 100.8, '거래금액(만원)': 129000.0}]",129000.0,,,,
역삼푸르지오,84.9097,2024-01-01 00:00:00,276000.0,,언주로 332,37.4982223264358,127.047395413884,"[{'전용면적(㎡)': 84.9097, '거래금액(만원)': 276000.0}, {'전용면적(㎡)': 59.8848, '거래금액(만원)': 230000.0}]",276000.0,,,,
연세리버빌3,243.21,2022-01-01 00:00:00,526000.0,,선릉로190길 84,37.5284780233551,127.048327982849,"[{'전용면적(㎡)': 243.21, '거래금액(만원)': 526000.0}]",,,526000.0,,
연세청담파크빌,242.34,2022-01-01 00:00:00,290000.0,,삼성로140길 35,37.5221898131705,127.051377910757,"[{'전용면적(㎡)': 242.34, '거래금액(만원)': 290000.0}]",,,290000.0,,
연세힐하우스1,187.73,2022-01-01 00:00:00,300000.0,,압구정로71길 30-11,37.528443324562,127.047464532933,"[{'전용면적(㎡)': 187.73, '거래금액(만원)': 300000.0}]",,,300000.0,,
요진보네르,129.24,2022-01-01 00:00:00,106000.0,,학동로5길 20,37.5130939336375,127.022975681029,"[{'전용면적(㎡)': 129.24, '거래금액(만원)': 106000.0}]",,,106000.0,,
요진와이시티미니,12.1,2023-01-01 00:00:00,18900.0,,역삼로25길 21,37.4975231419043,127.039302207331,"[{'전용면적(㎡)': 12.1, '거래금액(만원)': 18900.0}]",,,,17000.0,
우림루미아트,127.82,2022-01-01 00:00:00,178800.0,,봉은사로81길 8,37.5138211749551,127.054264973446,"[{'전용면적(㎡)': 127.82, '거래금액(만원)': 178800.0}]",,,178800.0,,
우림루미아트1,24.0,2023-01-01 00:00:00,21700.0,5.85,언주로90길 6,37.5021956447026,127.043730774192,"[{'전용면적(㎡)': 24.0, '거래금액(만원)': 21700.0}]",,,20500.0,21700.0,
우림루미아트2,23.66,2024-01-01 00:00:00,21000.0,,언주로90길 4,37.5021422809208,127.043552508746,"[{'전용면적(㎡)': 23.66, '거래금액(만원)': 21000.0}]",21000.0,,,,
우민,74.758,2022-01-01 00:00:00,135000.0,,언주로136길 21,37.5178497131317,127.03738750871,"[{'전용면적(㎡)': 74.758, '거래금액(만원)': 135000.0}]",,,135000.0,,
우성,102.0,2023-01-01 00:00:00,90000.0,,강남대로120길 58,37.5075545422443,127.028053349725,"[{'전용면적(㎡)': 102.0, '거래금액(만원)': 90000.0}]",,,,90000.0,
우성4,152.74,2024-01-01 00:00:00,400000.0,,언주로 117,37.4864661840624,127.050396079152,"[{'전용면적(㎡)': 152.74, '거래금액(만원)': 400000.0}, {'전용면적(㎡)': 126.46, '거래금액(만원)': 367000.0}, {'전용면적(㎡)': 84.6, '거래금액(만원)': 283000.0}]",400000.0,,,,
우성7,83.69,2022-01-01 00:00:00,250000.0,-4.4,개포로110길 15,37.4932437695434,127.079114775367,"[{'전용면적(㎡)': 83.69, '거래금액(만원)': 250000.0}, {'전용면적(㎡)': 68.39, '거래금액(만원)': 201000.0}]",239000.0,,250000.0,,
우성8,79.61,2022-01-01 00:00:00,240000.0,,개포로 411,37.4885748916117,127.062319621466,"[{'전용면적(㎡)': 79.61, '거래금액(만원)': 240000.0}]",,,240000.0,,
우성사원5,78.99,2022-01-01 00:00:00,234000.0,,언주로29길 34,37.486268493442,127.047594324939,"[{'전용면적(㎡)': 78.99, '거래금액(만원)': 234000.0}, {'전용면적(㎡)': 70.89, '거래금액(만원)': 230000.0}]",,,234000.0,,
우성아파트,84.7,2024-01-01 00:00:00,136500.0,,삼성로147길 22,37.5217212065328,127.046814458587,"[{'전용면적(㎡)': 84.7, '거래금액(만원)': 136500.0}]",136500.0,,,,
우성캐릭터199,164.97,2022-01-01 00:00:00,317500.0,-30.71,언주로 118,37.4869159664401,127.051855548139,"[{'전용면적(㎡)': 164.97, '거래금액(만원)': 317500.0}, {'전용면적(㎡)': 132.94, '거래금액(만원)': 220000.0}]",,,317500.0,220000.0,
우성캐릭터빌,167.74,2024-01-01 00:00:00,215000.0,,언주로 122,37.487082477134,127.051017587398,"[{'전용면적(㎡)': 167.74, '거래금액(만원)': 215000.0}]",215000.0,,,,
우정에쉐르,131.0534,2022-01-01 00:00:00,210000.0,,선릉로130길 33,37.5171510991381,127.04434885307,"[{'전용면적(㎡)': 131.0534, '거래금액(만원)': 210000.0}]",,,210000.0,,
우정에쉐르3,39.94,2024-01-01 00:00:00,64000.0,,언주로86길 25,37.5024828995605,127.045130245839,"[{'전용면적(㎡)': 39.94, '거래금액(만원)': 64000.0}]",64000.0,,,,
우정에쉐르멤버스,36.37,2023-01-01 00:00:00,58700.0,1.21,선릉로87길 14,37.5031158483353,127.048338094575,"[{'전용면적(㎡)': 36.37, '거래금액(만원)': 58700.0}]",,,58000.0,58700.0,
우찬,59.78,2023-01-01 00:00:00,64000.0,,압구정로18길 14-12,37.5236915419064,127.023846828365,"[{'전용면적(㎡)': 59.78, '거래금액(만원)': 64000.0}]",,,,64000.0,
우찬현대(1260-4),137.82,2023-01-01 00:00:00,149000.0,,개포로31길 9-5,37.4795541811187,127.049125065343,"[{'전용면적(㎡)': 137.82, '거래금액(만원)': 149000.0}]",,,,149000.0,
유로미아파트A동,111.62,2022-01-01 00:00:00,165000.0,,압구정로14길 16,37.5233364424518,127.023010835943,"[{'전용면적(㎡)': 111.62, '거래금액(만원)': 165000.0}]",,,165000.0,,
은마,84.43,2024-01-01 00:00:00,295000.0,,삼성로 212,37.4996157705058,127.065915414443,"[{'전용면적(㎡)': 84.43, '거래금액(만원)': 295000.0}, {'전용면적(㎡)': 76.79, '거래금액(만원)': 280000.0}]",295000.0,,,,
은하수,67.14,2022-01-01 00:00:00,180000.0,-11.11,언주로70길 24,37.4972331780267,127.04767795468,"[{'전용면적(㎡)': 67.14, '거래금액(만원)': 180000.0}, {'전용면적(㎡)': 69.99, '거래금액(만원)': 160000.0}]",,,180000.0,160000.0,
이니그마빌,244.77,2023-01-01 00:00:00,600000.0,,압구정로62길 17-4,37.5255598168792,127.043571322697,"[{'전용면적(㎡)': 244.77, '거래금액(만원)': 600000.0}]",,,,600000.0,
이산,46.06,2022-01-01 00:00:00,31000.0,,논현로111길 34,37.5072036650895,127.030693549212,"[{'전용면적(㎡)': 46.06, '거래금액(만원)': 31000.0}]",,,31000.0,,
이스턴오피스텔,14.78,2022-01-01 00:00:00,19500.0,-6.15,테헤란로14길 13,37.4985493670374,127.033524543049,"[{'전용면적(㎡)': 14.78, '거래금액(만원)': 19500.0}]",,,19500.0,18300.0,
이안애빌,106.89,2022-01-01 00:00:00,177000.0,,봉은사로68길 65,37.5085915056558,127.053408394132,"[{'전용면적(㎡)': 106.89, '거래금액(만원)': 177000.0}]",,,177000.0,,
제이빌,52.54,2022-01-01 00:00:00,71000.0,-29.58,학동로43길 30,37.5180817984942,127.037993252369,"[{'전용면적(㎡)': 52.54, '거래금액(만원)': 71000.0}, {'전용면적(㎡)': 36.53, '거래금액(만원)': 50000.0}, {'전용면적(㎡)': 31.22, '거래금액(만원)': 37500.0}]",,,71000.0,50000.0,
조이너스도곡,84.98,2024-01-01 00:00:00,126000.0,,강남대로48길 24,37.4869918676067,127.035109594248,"[{'전용면적(㎡)': 84.98, '거래금액(만원)': 126000.0}, {'전용면적(㎡)': 81.45, '거래금액(만원)': 100000.0}]",126000.0,,,,
중명하니빌,30.58,2022-01-01 00:00:00,49500.0,-13.13,남부순환로365길 5,37.4859023248252,127.038984502447,"[{'전용면적(㎡)': 30.58, '거래금액(만원)': 49500.0}, {'전용면적(㎡)': 33.12, '거래금액(만원)': 43000.0}, {'전용면적(㎡)': 22.78, '거래금액(만원)': 30000.0}]",43000.0,,49500.0,37000.0,
지고하임(101동),80.4,2023-01-01 00:00:00,85000.0,,학동로9길 21,37.5135751817093,127.023776082507,"[{'전용면적(㎡)': 80.4, '거래금액(만원)': 85000.0}]",,,,85000.0,
지고하임(102동),77.61,2024-01-01 00:00:00,127500.0,,강남대로136길 40,37.5137322499574,127.023660307349,"[{'전용면적(㎡)': 77.61, '거래금액(만원)': 127500.0}]",127500.0,,,,
지석천평대,59.77,2022-01-01 00:00:00,62000.0,-4.84,논현로71길 48,37.4941571429109,127.035667835663,"[{'전용면적(㎡)': 59.77, '거래금액(만원)': 62000.0}, {'전용면적(㎡)': 63.03, '거래금액(만원)': 59000.0}]",,,62000.0,59000.0,
진넥스빌2,29.44,2023-01-01 00:00:00,26000.0,,언주로86길 7,37.5017761414894,127.043959880694,"[{'전용면적(㎡)': 29.44, '거래금액(만원)': 26000.0}, {'전용면적(㎡)': 23.85, '거래금액(만원)': 23000.0}]",,,,26000.0,
진흥아마란스,175.64,2022-01-01 00:00:00,183000.0,,언주로157길 23,37.5236826725751,127.031001551796,"[{'전용면적(㎡)': 175.64, '거래금액(만원)': 183000.0}]",,,183000.0,,
진흥아파트,207.82,2024-01-01 00:00:00,458000.0,23.78,학동로88길 5,37.5187249189718,127.052194055874,"[{'전용면적(㎡)': 207.82, '거래금액(만원)': 458000.0}, {'전용면적(㎡)': 170.01, '거래금액(만원)': 390000.0}, {'전용면적(㎡)': 180.67, '거래금액(만원)': 370000.0}, {'전용면적(㎡)': 145.69, '거래금액(만원)': 333500.0}, {'전용면적(㎡)': 109.31, '거래금액(만원)': 257500.0}, {'전용면적(㎡)': 104.31, '거래금액(만원)': 250000.0}]",458000.0,,,370000.0,
채널리저브,84.94,2022-01-01 00:00:00,181000.0,-20.44,삼성로 517,37.5079854660981,127.055223583203,"[{'전용면적(㎡)': 84.94, '거래금액(만원)': 181000.0}]",,,181000.0,144000.0,
청구아파트,84.99,2024-01-01 00:00:00,230000.0,,영동대로128길 5,37.520148872145,127.058156132905,"[{'전용면적(㎡)': 84.99, '거래금액(만원)': 230000.0}]",230000.0,,,,
"청담2차이-편한세상(201동,202동,203동)",113.21,2024-01-01 00:00:00,240000.0,26.32,도산대로70길 25,37.5216951404856,127.045500413098,"[{'전용면적(㎡)': 113.21, '거래금액(만원)': 240000.0}, {'전용면적(㎡)': 107.18, '거래금액(만원)': 225000.0}, {'전용면적(㎡)': 101.7, '거래금액(만원)': 221000.0}, {'전용면적(㎡)': 84.41, '거래금액(만원)': 190000.0}]",240000.0,,,190000.0,
청담2차이-편한세상(204동),89.13,2023-01-01 00:00:00,185000.0,,도산대로70길 43,37.5206217657868,127.04505655428,"[{'전용면적(㎡)': 89.13, '거래금액(만원)': 185000.0}]",,,,185000.0,
청담2차이-편한세상(205동),84.79,2024-01-01 00:00:00,180000.0,,도산대로78길 51,37.5207560251981,127.046196893999,"[{'전용면적(㎡)': 84.79, '거래금액(만원)': 180000.0}]",180000.0,,,,
청담3차이-편한세상(301동),84.09,2024-01-01 00:00:00,180000.0,11.8,선릉로132길 54,37.5185835595876,127.045648743939,"[{'전용면적(㎡)': 84.09, '거래금액(만원)': 180000.0}]",180000.0,,,161000.0,
청담4차이-편한세상,136.41,2023-01-01 00:00:00,265000.0,-17.74,학동로73길 33,37.5208540179734,127.046974322468,"[{'전용면적(㎡)': 136.41, '거래금액(만원)': 265000.0}, {'전용면적(㎡)': 84.57, '거래금액(만원)': 218000.0}]",218000.0,,,265000.0,
청담8차상지리츠빌,203.47,2023-01-01 00:00:00,385000.0,,도산대로83길 22,37.5258514795169,127.048628454975,"[{'전용면적(㎡)': 203.47, '거래금액(만원)': 385000.0}]",,,,385000.0,
청담CJ빌리지,159.94,2022-01-01 00:00:00,245000.0,,도산대로99길 42,37.5267792910082,127.049806401402,"[{'전용면적(㎡)': 159.94, '거래금액(만원)': 245000.0}]",,,245000.0,,
청담건영,84.595,2024-01-01 00:00:00,350000.0,,도산대로89길 49,37.5275736339667,127.052262895257,"[{'전용면적(㎡)': 84.595, '거래금액(만원)': 350000.0}]",350000.0,,,,
청담그랑빌,95.41,2023-01-01 00:00:00,118000.0,,학동로77길 5,37.519079286542,127.049033095957,"[{'전용면적(㎡)': 95.41, '거래금액(만원)': 118000.0}]",,,,118000.0,
청담대림이-편한세상,134.24,2024-01-01 00:00:00,280000.0,,학동로77길 27,37.5208848658812,127.047788927028,"[{'전용면적(㎡)': 134.24, '거래금액(만원)': 280000.0}, {'전용면적(㎡)': 113.57, '거래금액(만원)': 226000.0}, {'전용면적(㎡)': 81.84, '거래금액(만원)': 211000.0}]",280000.0,,,,
청담대우로얄카운티6차,166.3,2022-01-01 00:00:00,330000.0,-11.52,압구정로71길 20,37.5278506371747,127.046121397919,"[{'전용면적(㎡)': 166.3, '거래금액(만원)': 330000.0}]",,,330000.0,292000.0,
청담대우멤버스카운티11차,164.99,2022-01-01 00:00:00,315000.0,,도산대로87길 23,37.526112111843,127.049989339968,"[{'전용면적(㎡)': 164.99, '거래금액(만원)': 315000.0}]",,,315000.0,,
청담대우멤버스카운티7차,144.72,2024-01-01 00:00:00,285000.0,,도산대로85길 50-14,37.5272832403219,127.051236483317,"[{'전용면적(㎡)': 144.72, '거래금액(만원)': 285000.0}]",285000.0,,,,
청담대우멤버스카운티8차,141.04,2023-01-01 00:00:00,240500.0,,도산대로85길 50-10,37.5273613217596,127.05090166925,"[{'전용면적(㎡)': 141.04, '거래금액(만원)': 240500.0}]",,,,240500.0,
청담동마크노빌,270.25,2022-01-01 00:00:00,450000.0,,도산대로59길 25,37.5255075108614,127.042214660024,"[{'전용면적(㎡)': 270.25, '거래금액(만원)': 450000.0}]",,,450000.0,,
청담동삼성1차(101동),84.57,2022-01-01 00:00:00,187000.0,-8.02,삼성로133길 20,37.5194542356183,127.047832809734,"[{'전용면적(㎡)': 84.57, '거래금액(만원)': 187000.0}, {'전용면적(㎡)': 59.4, '거래금액(만원)': 155000.0}]",172000.0,,187000.0,,
청담동현대빌라트,183.77,2024-01-01 00:00:00,319000.0,,도산대로83길 36,37.5266486809284,127.049076627181,"[{'전용면적(㎡)': 183.77, '거래금액(만원)': 319000.0}]",319000.0,,,,
청담디에브스아파트,91.68,2022-01-01 00:00:00,117562.0,-43.01,도산대로92길 28,37.522871562142,127.049142140585,"[{'전용면적(㎡)': 91.68, '거래금액(만원)': 117562.0}, {'전용면적(㎡)': 78.7, '거래금액(만원)': 96500.0}, {'전용면적(㎡)': 72.53, '거래금액(만원)': 90500.0}, {'전용면적(㎡)': 64.96, '거래금액(만원)': 85000.0}, {'전용면적(㎡)': 67.88, '거래금액(만원)': 83000.0}, {'전용면적(㎡)': 56.89, '거래금액(만원)': 67000.0}, {'전용면적(㎡)': 45.15, '거래금액(만원)': 57000.0}]",67000.0,,117562.0,96500.0,
청담로얄카운티,218.94,2024-01-01 00:00:00,569000.0,27.87,도산대로83길 27,37.5262723290545,127.048209697379,"[{'전용면적(㎡)': 218.94, '거래금액(만원)': 569000.0}, {'전용면적(㎡)': 244.95, '거래금액(만원)': 445000.0}]",569000.0,,445000.0,,
청담린든그로브,84.9979,2022-01-01 00:00:00,330000.0,,학동로97길 51,37.5227272811717,127.053165071384,"[{'전용면적(㎡)': 84.9979, '거래금액(만원)': 330000.0}]",,,330000.0,,
청담스위트,13.425,2022-01-01 00:00:00,25000.0,,학동로73길 13,37.519219367347,127.04732781145,"[{'전용면적(㎡)': 13.425, '거래금액(만원)': 25000.0}]",,,25000.0,,
청담신원아침도시마인,49.4473,2022-01-01 00:00:00,82500.0,-63.64,도산대로85길 30,37.526439666489,127.049680036198,"[{'전용면적(㎡)': 49.4473, '거래금액(만원)': 82500.0}, {'전용면적(㎡)': 27.0875, '거래금액(만원)': 36000.0}, {'전용면적(㎡)': 24.2175, '거래금액(만원)': 30000.0}]",30000.0,,82500.0,32000.0,
청담아르지움,25.65,2023-01-01 00:00:00,49000.0,-12.24,삼성로135길 15,37.5197798034295,127.048189004487,"[{'전용면적(㎡)': 25.65, '거래금액(만원)': 49000.0}, {'전용면적(㎡)': 22.57, '거래금액(만원)': 43000.0}]",43000.0,,,49000.0,
청담아이파크,110.11,2024-01-01 00:00:00,278000.0,7.34,영동대로142길 25,37.5252558695976,127.055097277182,"[{'전용면적(㎡)': 110.11, '거래금액(만원)': 278000.0}]",278000.0,,,259000.0,
청담어퍼하우스,197.73,2024-01-01 00:00:00,740000.0,9.63,학동로81길 28,37.5209391669468,127.050459187733,"[{'전용면적(㎡)': 197.73, '거래금액(만원)': 740000.0}, {'전용면적(㎡)': 200.38, '거래금액(만원)': 675000.0}]",740000.0,,675000.0,,
청담우방아파트,118.53,2024-01-01 00:00:00,210000.0,31.25,학동로 409,37.5181117293329,127.043919011624,"[{'전용면적(㎡)': 118.53, '거래금액(만원)': 210000.0}, {'전용면적(㎡)': 59.97, '거래금액(만원)': 160000.0}]",210000.0,,160000.0,,
청담자이,89.356,2024-01-01 00:00:00,450000.0,26.76,영동대로138길 12,37.5241014728573,127.057249781197,"[{'전용면적(㎡)': 89.356, '거래금액(만원)': 450000.0}, {'전용면적(㎡)': 82.365, '거래금액(만원)': 329000.0}, {'전용면적(㎡)': 50.316, '거래금액(만원)': 228000.0}]",450000.0,,355000.0,305000.0,
청담파크빌,79.7,2024-01-01 00:00:00,99000.0,,학동로 437-5,37.5190238267538,127.048713839782,"[{'전용면적(㎡)': 79.7, '거래금액(만원)': 99000.0}]",99000.0,,,,
청담현대3차아파트,109.53,2024-01-01 00:00:00,370000.0,60.17,도산대로101길 29,37.5270240644958,127.052978287839,"[{'전용면적(㎡)': 109.53, '거래금액(만원)': 370000.0}, {'전용면적(㎡)': 85.0, '거래금액(만원)': 231000.0}, {'전용면적(㎡)': 59.95, '거래금액(만원)': 190000.0}]",370000.0,,,231000.0,
청림빌,84.93,2024-01-01 00:00:00,90000.0,,논현로153길 42,37.5206447010764,127.024771186556,"[{'전용면적(㎡)': 84.93, '거래금액(만원)': 90000.0}]",90000.0,,,,
청암빌라트,163.8,2022-01-01 00:00:00,270000.0,,남부순환로391길 7,37.4924682239386,127.057174516549,"[{'전용면적(㎡)': 163.8, '거래금액(만원)': 270000.0}]",,,270000.0,,
청원,92.84,2024-01-01 00:00:00,120000.0,,도곡로69길 16,37.4984454570661,127.055951963548,"[{'전용면적(㎡)': 92.84, '거래금액(만원)': 120000.0}]",120000.0,,,,
"청학아파트에이동,비동,씨동",97.18,2024-01-01 00:00:00,152500.0,8.93,도산대로 232,37.5203808900933,127.032556608843,"[{'전용면적(㎡)': 97.18, '거래금액(만원)': 152500.0}, {'전용면적(㎡)': 85.12, '거래금액(만원)': 140000.0}]",152500.0,,,140000.0,
타워팰리스1,301.47,2023-01-01 00:00:00,990000.0,187.27,언주로30길 56,37.4880695220981,127.053483219997,"[{'전용면적(㎡)': 301.47, '거래금액(만원)': 990000.0}, {'전용면적(㎡)': 244.66, '거래금액(만원)': 790000.0}, {'전용면적(㎡)': 222.48, '거래금액(만원)': 710000.0}, {'전용면적(㎡)': 174.67, '거래금액(만원)': 560000.0}, {'전용면적(㎡)': 164.97, '거래금액(만원)': 520000.0}, {'전용면적(㎡)': 121.42, '거래금액(만원)': 420000.0}, {'전용면적(㎡)': 137.24, '거래금액(만원)': 420000.0}, {'전용면적(㎡)': 84.16, '거래금액(만원)': 275000.0}, {'전용면적(㎡)': 78.99, '거래금액(만원)': 240000.0}]",790000.0,,275000.0,990000.0,
타워팰리스2,223.59,2024-01-01 00:00:00,730000.0,50.0,언주로30길 57,37.4894573055974,127.053964659634,"[{'전용면적(㎡)': 223.59, '거래금액(만원)': 730000.0}, {'전용면적(㎡)': 243.14, '거래금액(만원)': 718000.0}, {'전용면적(㎡)': 161.8, '거래금액(만원)': 530000.0}, {'전용면적(㎡)': 159.44, '거래금액(만원)': 480000.0}, {'전용면적(㎡)': 176.72, '거래금액(만원)': 480000.0}, {'전용면적(㎡)': 164.99, '거래금액(만원)': 455000.0}, {'전용면적(㎡)': 144.63, '거래금액(만원)': 414000.0}, {'전용면적(㎡)': 154.35, '거래금액(만원)': 410000.0}, {'전용면적(㎡)': 130.17, '거래금액(만원)': 352000.0}, {'전용면적(㎡)': 115.63, '거래금액(만원)': 335000.0}, {'전용면적(㎡)': 124.11, '거래금액(만원)': 335000.0}, {'전용면적(㎡)': 111.39, '거래금액(만원)': 284500.0}, {'전용면적(㎡)': 92.8, '거래금액(만원)': 240000.0}, {'전용면적(㎡)': 69.69, '거래금액(만원)': 168000.0}]",615000.0,,410000.0,718000.0,
타워팰리스3,244.224,2024-01-01 00:00:00,680000.0,61.9,언주로30길 26,37.4877632466167,127.052530150983,"[{'전용면적(㎡)': 244.224, '거래금액(만원)': 680000.0}, {'전용면적(㎡)': 214.967, '거래금액(만원)': 580000.0}, {'전용면적(㎡)': 185.622, '거래금액(만원)': 550000.0}, {'전용면적(㎡)': 157.284, '거래금액(만원)': 498000.0}, {'전용면적(㎡)': 163.702, '거래금액(만원)': 480000.0}, {'전용면적(㎡)': 141.706, '거래금액(만원)': 402000.0}, {'전용면적(㎡)': 124.641, '거래금액(만원)': 331000.0}]",680000.0,,420000.0,550000.0,
탑팰리스,82.88,2023-01-01 00:00:00,107500.0,,언주로81길 31,37.4995273273882,127.041191390032,"[{'전용면적(㎡)': 82.88, '거래금액(만원)': 107500.0}]",,,,107500.0,
테헤란로대우아이빌(891-6),66.83,2023-01-01 00:00:00,95000.0,-61.18,테헤란로 428,37.5056919892348,127.054183199967,"[{'전용면적(㎡)': 66.83, '거래금액(만원)': 95000.0}, {'전용면적(㎡)': 59.83, '거래금액(만원)': 91500.0}, {'전용면적(㎡)': 35.51, '거래금액(만원)': 44000.0}, {'전용면적(㎡)': 33.11, '거래금액(만원)': 43600.0}, {'전용면적(㎡)': 29.02, '거래금액(만원)': 37500.0}]",33000.0,,85000.0,95000.0,
테헤란아이파크,92.6232,2023-01-01 00:00:00,319000.0,-10.18,테헤란로52길 16,37.5025006142352,127.046384009751,"[{'전용면적(㎡)': 92.6232, '거래금액(만원)': 319000.0}, {'전용면적(㎡)': 118.0315, '거래금액(만원)': 280000.0}, {'전용면적(㎡)': 70.8333, '거래금액(만원)': 251500.0}, {'전용면적(㎡)': 84.641, '거래금액(만원)': 240000.0}]",251500.0,,,280000.0,
토미,78.54,2022-01-01 00:00:00,110000.0,,논현로158길 17,37.5222245381774,127.029763494286,"[{'전용면적(㎡)': 78.54, '거래금액(만원)': 110000.0}]",,,110000.0,,
트레벨,33.48,2022-01-01 00:00:00,58500.0,,도곡로57길 9-7,37.4961346201522,127.050404610923,"[{'전용면적(㎡)': 33.48, '거래금액(만원)': 58500.0}]",,,58500.0,,
펜트힐루논현,43.392,2023-01-01 00:00:00,124614.0,18.68,언주로 641,37.5139309369117,127.034870651956,"[{'전용면적(㎡)': 43.392, '거래금액(만원)': 124614.0}]",,,105000.0,124614.0,
펜트힐캐스케이드,48.03,2023-01-01 00:00:00,148400.0,,언주로 720,37.5180738951162,127.035895495721,"[{'전용면적(㎡)': 48.03, '거래금액(만원)': 148400.0}, {'전용면적(㎡)': 43.01, '거래금액(만원)': 92000.0}]",,,,148400.0,
포스코더샵,164.88,2023-01-01 00:00:00,350000.0,-8.57,삼성로 417,37.5045959726835,127.057495005511,"[{'전용면적(㎡)': 164.88, '거래금액(만원)': 350000.0}, {'전용면적(㎡)': 139.54, '거래금액(만원)': 320000.0}]",320000.0,,,350000.0,
포스코트,200.9,2022-01-01 00:00:00,395000.0,-2.53,봉은사로 510,37.5130464359453,127.054970214493,"[{'전용면적(㎡)': 200.9, '거래금액(만원)': 395000.0}, {'전용면적(㎡)': 209.03, '거래금액(만원)': 385000.0}, {'전용면적(㎡)': 154.24, '거래금액(만원)': 335000.0}, {'전용면적(㎡)': 160.53, '거래금액(만원)': 300000.0}]",385000.0,,395000.0,,
포스틸빌라트,69.97,2022-01-01 00:00:00,53500.0,,테헤란로20길 36,37.4973286089135,127.03502407764,"[{'전용면적(㎡)': 69.97, '거래금액(만원)': 53500.0}]",,,53500.0,,
포이벨리,84.69,2024-01-01 00:00:00,89000.0,,양재대로 379,37.4746104462484,127.055214618418,"[{'전용면적(㎡)': 84.69, '거래금액(만원)': 89000.0}]",89000.0,,,,
푸른마을아파트101동~111동,84.93,2024-01-01 00:00:00,212000.0,24.71,일원로14길 25,37.484761123247,127.080874756987,"[{'전용면적(㎡)': 84.93, '거래금액(만원)': 212000.0}, {'전용면적(㎡)': 59.76, '거래금액(만원)': 170000.0}]",212000.0,,170000.0,,
푸른솔아파트1동,59.4,2024-01-01 00:00:00,145000.0,,학동로 420,37.517813134256,127.046054815285,"[{'전용면적(㎡)': 59.4, '거래금액(만원)': 145000.0}]",145000.0,,,,
풍림,51.68,2024-01-01 00:00:00,60000.0,,테헤란로77길 22,37.5080208456519,127.054316533577,"[{'전용면적(㎡)': 51.68, '거래금액(만원)': 60000.0}]",60000.0,,,,
풍림(1차),113.0,2023-01-01 00:00:00,280000.0,-39.29,영동대로112길 15,37.5156029612101,127.061858870437,"[{'전용면적(㎡)': 113.0, '거래금액(만원)': 280000.0}, {'전용면적(㎡)': 59.7, '거래금액(만원)': 170000.0}, {'전용면적(㎡)': 51.78, '거래금액(만원)': 148700.0}]",170000.0,,,280000.0,
풍림아이원2차202동,137.4,2023-01-01 00:00:00,190000.0,,역삼로74길 8,37.5013691284498,127.054999199043,"[{'전용면적(㎡)': 137.4, '거래금액(만원)': 190000.0}]",,,,190000.0,
풍림아이원4차(1007-2),111.54,2024-01-01 00:00:00,215000.0,,영동대로 330-7,37.5042541101006,127.066784450469,"[{'전용면적(㎡)': 111.54, '거래금액(만원)': 215000.0}]",215000.0,,,,
풍림아이원아파트,84.87,2024-01-01 00:00:00,155500.0,,역삼로 436,37.5016231251359,127.054798533858,"[{'전용면적(㎡)': 84.87, '거래금액(만원)': 155500.0}]",155500.0,,,,
프리마빌,124.8,2023-01-01 00:00:00,104500.0,-1.92,역삼로25길 17,37.4973345281351,127.039401623806,"[{'전용면적(㎡)': 124.8, '거래금액(만원)': 104500.0}, {'전용면적(㎡)': 82.33, '거래금액(만원)': 104000.0}, {'전용면적(㎡)': 102.79, '거래금액(만원)': 102000.0}]",102000.0,,104000.0,104500.0,
프리빌리지,36.62,2024-01-01 00:00:00,56000.0,,언주로81길 28,37.4999058900021,127.041306383797,"[{'전용면적(㎡)': 36.62, '거래금액(만원)': 56000.0}]",56000.0,,,,
프리우스역삼101동,82.48,2024-01-01 00:00:00,128000.0,,강남대로94길 51-14,37.501357668577,127.031049543516,"[{'전용면적(㎡)': 82.48, '거래금액(만원)': 128000.0}]",128000.0,,,,
필로스(193-45),128.33,2024-01-01 00:00:00,147000.0,,남부순환로381길 57,37.4869834611021,127.044305346444,"[{'전용면적(㎡)': 128.33, '거래금액(만원)': 147000.0}]",147000.0,,,,
하야트빌,70.95,2023-01-01 00:00:00,83000.0,,논현로159길 56,37.5218294514897,127.023788769448,"[{'전용면적(㎡)': 70.95, '거래금액(만원)': 83000.0}, {'전용면적(㎡)': 64.98, '거래금액(만원)': 75500.0}]",,,,83000.0,
하이페리온,179.39,2024-01-01 00:00:00,252500.0,,도곡로4길 31,37.4885895457311,127.034768297935,"[{'전용면적(㎡)': 179.39, '거래금액(만원)': 252500.0}, {'전용면적(㎡)': 184.31, '거래금액(만원)': 245500.0}]",245500.0,,,,
학동,74.6,2023-01-01 00:00:00,73000.0,,논현로124길 28,37.5126127146173,127.0338146219,"[{'전용면적(㎡)': 74.6, '거래금액(만원)': 73000.0}]",,,,73000.0,
한라비발디,125.7332,2024-01-01 00:00:00,264000.0,,남부순환로365길 33,37.4880001165609,127.039061237416,"[{'전용면적(㎡)': 125.7332, '거래금액(만원)': 264000.0}, {'전용면적(㎡)': 84.8861, '거래금액(만원)': 213000.0}]",264000.0,,,,
한보미도맨션1,191.07,2023-01-01 00:00:00,515000.0,-12.62,삼성로 150,37.4956953356085,127.068564672209,"[{'전용면적(㎡)': 191.07, '거래금액(만원)': 515000.0}, {'전용면적(㎡)': 161.36, '거래금액(만원)': 450000.0}, {'전용면적(㎡)': 128.01, '거래금액(만원)': 420000.0}, {'전용면적(㎡)': 84.48, '거래금액(만원)': 329000.0}]",450000.0,,,515000.0,
한보미도맨션2,190.47,2024-01-01 00:00:00,525000.0,22.09,삼성로 150,37.4956953356085,127.068564672209,"[{'전용면적(㎡)': 190.47, '거래금액(만원)': 525000.0}, {'전용면적(㎡)': 159.15, '거래금액(만원)': 430000.0}, {'전용면적(㎡)': 126.33, '거래금액(만원)': 400000.0}, {'전용면적(㎡)': 115.05, '거래금액(만원)': 370000.0}, {'전용면적(㎡)': 84.96, '거래금액(만원)': 332000.0}]",525000.0,,,430000.0,
한솔마을,84.73,2024-01-01 00:00:00,232000.0,23.08,광평로10길 6,37.4826291743574,127.076520309277,"[{'전용면적(㎡)': 84.73, '거래금액(만원)': 232000.0}, {'전용면적(㎡)': 63.76, '거래금액(만원)': 188500.0}]",232000.0,,188500.0,,
한스빌(836),39.89,2024-01-01 00:00:00,47000.0,1.19,도곡로3길 26,37.4919829893777,127.032955994209,"[{'전용면적(㎡)': 39.89, '거래금액(만원)': 47000.0}, {'전용면적(㎡)': 41.95, '거래금액(만원)': 42500.0}, {'전용면적(㎡)': 48.21, '거래금액(만원)': 42000.0}]",42500.0,,42000.0,,
한신(개포),83.86,2022-01-01 00:00:00,281000.0,-11.39,언주로 123,37.4876033476735,127.049755052514,"[{'전용면적(㎡)': 83.86, '거래금액(만원)': 281000.0}, {'전용면적(㎡)': 59.48, '거래금액(만원)': 249000.0}, {'전용면적(㎡)': 52.73, '거래금액(만원)': 220700.0}]",249000.0,,281000.0,,
한신엠비씨,117.57,2024-01-01 00:00:00,232500.0,,논현로 205,37.487947873686,127.040618203989,"[{'전용면적(㎡)': 117.57, '거래금액(만원)': 232500.0}, {'전용면적(㎡)': 84.74, '거래금액(만원)': 210500.0}, {'전용면적(㎡)': 58.46, '거래금액(만원)': 172000.0}]",232500.0,,,,
한신오페라하우스,117.19,2024-01-01 00:00:00,208000.0,1.46,삼성로135길 47,37.5192185245638,127.045342013722,"[{'전용면적(㎡)': 117.19, '거래금액(만원)': 208000.0}, {'전용면적(㎡)': 123.75, '거래금액(만원)': 205000.0}]",208000.0,,,205000.0,
한신오페라하우스2차,100.93,2024-01-01 00:00:00,191000.0,,학동로63길 14,37.5188927315857,127.045316591248,"[{'전용면적(㎡)': 100.93, '거래금액(만원)': 191000.0}]",191000.0,,,,
한양1차(영동한양),91.21,2024-01-01 00:00:00,450000.0,15.38,압구정로 321,,,"[{'전용면적(㎡)': 91.21, '거래금액(만원)': 450000.0}, {'전용면적(㎡)': 78.05, '거래금액(만원)': 400000.0}, {'전용면적(㎡)': 121.32, '거래금액(만원)': 390000.0}, {'전용면적(㎡)': 63.87, '거래금액(만원)': 388000.0}, {'전용면적(㎡)': 49.98, '거래금액(만원)': 257000.0}]",450000.0,,,390000.0,
한양2,175.92,2024-01-01 00:00:00,595000.0,12.26,압구정로 347,,,"[{'전용면적(㎡)': 175.92, '거래금액(만원)': 595000.0}, {'전용면적(㎡)': 147.41, '거래금액(만원)': 530000.0}]",595000.0,,,530000.0,
한양3,161.9,2023-01-01 00:00:00,530000.0,-12.26,압구정로 321,,,"[{'전용면적(㎡)': 161.9, '거래금액(만원)': 530000.0}, {'전용면적(㎡)': 116.94, '거래금액(만원)': 465000.0}]",465000.0,,,530000.0,
한양4,208.65,2024-01-01 00:00:00,710000.0,,압구정로 313,,,"[{'전용면적(㎡)': 208.65, '거래금액(만원)': 710000.0}, {'전용면적(㎡)': 101.09, '거래금액(만원)': 425000.0}]",710000.0,,,,
한양5,153.59,2024-01-01 00:00:00,570000.0,,압구정로 401,,,"[{'전용면적(㎡)': 153.59, '거래금액(만원)': 570000.0}, {'전용면적(㎡)': 115.24, '거래금액(만원)': 400000.0}, {'전용면적(㎡)': 100.5, '거래금액(만원)': 370000.0}]",570000.0,,,,
한양6,154.12,2024-01-01 00:00:00,530000.0,42.86,압구정로 313,,,"[{'전용면적(㎡)': 154.12, '거래금액(만원)': 530000.0}, {'전용면적(㎡)': 106.71, '거래금액(만원)': 390000.0}, {'전용면적(㎡)': 110.74, '거래금액(만원)': 371000.0}]",530000.0,,,371000.0,
한양7,137.55,2024-01-01 00:00:00,540000.0,,압구정로61길 37,,,"[{'전용면적(㎡)': 137.55, '거래금액(만원)': 540000.0}, {'전용면적(㎡)': 106.22, '거래금액(만원)': 400000.0}, {'전용면적(㎡)': 110.25, '거래금액(만원)': 390000.0}]",540000.0,,,,
한양8(81동한개동),210.1,2024-01-01 00:00:00,835000.0,,압구정로 403,,,"[{'전용면적(㎡)': 210.1, '거래금액(만원)': 835000.0}]",835000.0,,,,
한양립스,38.2471,2023-01-01 00:00:00,74300.0,,선릉로92길 37-4,,,"[{'전용면적(㎡)': 38.2471, '거래금액(만원)': 74300.0}]",,,,74300.0,
한양수자인어반게이트,20.23,2022-01-01 00:00:00,28000.0,6.73,봉은사로29길 35,,,"[{'전용면적(㎡)': 20.23, '거래금액(만원)': 28000.0}, {'전용면적(㎡)': 16.2, '거래금액(만원)': 23800.0}]",,,22300.0,23800.0,
한일,80.29,2023-01-01 00:00:00,170000.0,-7.65,봉은사로73길 23,,,"[{'전용면적(㎡)': 80.29, '거래금액(만원)': 170000.0}, {'전용면적(㎡)': 55.34, '거래금액(만원)': 157000.0}]",157000.0,,,170000.0,
한진로즈힐,103.96,2022-01-01 00:00:00,198000.0,,도산대로46길 21,,,"[{'전용면적(㎡)': 103.96, '거래금액(만원)': 198000.0}, {'전용면적(㎡)': 84.94, '거래금액(만원)': 172500.0}]",,,198000.0,,
한화꿈에그린2차,83.7,2022-01-01 00:00:00,137000.0,,봉은사로21길 19,,,"[{'전용면적(㎡)': 83.7, '거래금액(만원)': 137000.0}]",,,137000.0,,
한화진넥스빌,51.08,2023-01-01 00:00:00,48500.0,-16.13,언주로86길 11,,,"[{'전용면적(㎡)': 51.08, '거래금액(만원)': 48500.0}, {'전용면적(㎡)': 43.58, '거래금액(만원)': 46500.0}, {'전용면적(㎡)': 39.2, '거래금액(만원)': 39000.0}, {'전용면적(㎡)': 34.82, '거래금액(만원)': 33700.0}]",39000.0,,46500.0,48500.0,
현대1,84.27,2022-01-01 00:00:00,205000.0,,영동대로57길 28,,,"[{'전용면적(㎡)': 84.27, '거래금액(만원)': 205000.0}]",,,205000.0,,
"현대10차(201,202동)",151.93,2024-01-01 00:00:00,655000.0,,압구정로29길 69,,,"[{'전용면적(㎡)': 151.93, '거래금액(만원)': 655000.0}, {'전용면적(㎡)': 108.15, '거래금액(만원)': 460000.0}]",655000.0,,,,
현대13차(208~211동),105.31,2024-01-01 00:00:00,500000.0,,압구정로29길 23,,,"[{'전용면적(㎡)': 105.31, '거래금액(만원)': 500000.0}, {'전용면적(㎡)': 108.47, '거래금액(만원)': 415000.0}]",415000.0,,,,
"현대14차(203,204,205,206동)",84.94,2024-01-01 00:00:00,470000.0,,압구정로29길 57,,,"[{'전용면적(㎡)': 84.94, '거래금액(만원)': 470000.0}]",470000.0,,,,
"현대1차(12,13,21,22,31,32,33동)",196.21,2024-01-01 00:00:00,900000.0,,압구정로29길 71,,,"[{'전용면적(㎡)': 196.21, '거래금액(만원)': 900000.0}, {'전용면적(㎡)': 161.18, '거래금액(만원)': 650000.0}, {'전용면적(㎡)': 131.48, '거래금액(만원)': 549000.0}]",900000.0,,,,
현대1차101동~106동,177.19,2024-01-01 00:00:00,340000.0,23.64,개포로 303,,,"[{'전용면적(㎡)': 177.19, '거래금액(만원)': 340000.0}, {'전용면적(㎡)': 128.62, '거래금액(만원)': 308000.0}, {'전용면적(㎡)': 95.4, '거래금액(만원)': 275000.0}]",340000.0,,275000.0,,
현대2,165.08,2024-01-01 00:00:00,380000.0,39.71,언주로 107,,,"[{'전용면적(㎡)': 165.08, '거래금액(만원)': 380000.0}, {'전용면적(㎡)': 131.83, '거래금액(만원)': 318000.0}, {'전용면적(㎡)': 84.81, '거래금액(만원)': 272000.0}]",380000.0,,272000.0,,
"현대2차(10,11,20,23,24,25동)",196.84,2024-01-01 00:00:00,830000.0,,압구정로29길 71,,,"[{'전용면적(㎡)': 196.84, '거래금액(만원)': 830000.0}, {'전용면적(㎡)': 160.28, '거래금액(만원)': 730000.0}]",830000.0,,,,
현대3차(61~64동),82.5,2024-01-01 00:00:00,430000.0,,압구정로39길 58,,,"[{'전용면적(㎡)': 82.5, '거래금액(만원)': 430000.0}]",410000.0,,,,
현대4,84.98,2022-01-01 00:00:00,200000.0,-15.25,개포로110길 21,,,"[{'전용면적(㎡)': 84.98, '거래금액(만원)': 200000.0}, {'전용면적(㎡)': 73.0, '거래금액(만원)': 169500.0}]",,,200000.0,169500.0,
현대4차저층(51~56동),117.9,2024-01-01 00:00:00,610000.0,,압구정로33길 70,,,"[{'전용면적(㎡)': 117.9, '거래금액(만원)': 610000.0}]",570000.0,,,,
"현대5차(71,72동)",82.23,2024-01-01 00:00:00,479800.0,,압구정로29길 68,,,"[{'전용면적(㎡)': 82.23, '거래금액(만원)': 479800.0}]",479800.0,,,,
"현대6차(78~81,83,84,86,87동)",196.7,2024-01-01 00:00:00,748000.0,,압구정로 201,,,"[{'전용면적(㎡)': 196.7, '거래금액(만원)': 748000.0}, {'전용면적(㎡)': 157.36, '거래금액(만원)': 670000.0}, {'전용면적(㎡)': 144.7, '거래금액(만원)': 610000.0}]",748000.0,,,,
"현대7차(73~77,82,85동)",245.2,2024-01-01 00:00:00,1150000.0,67.88,압구정로 201,,,"[{'전용면적(㎡)': 245.2, '거래금액(만원)': 1150000.0}, {'전용면적(㎡)': 196.7, '거래금액(만원)': 685000.0}, {'전용면적(㎡)': 157.36, '거래금액(만원)': 658000.0}, {'전용면적(㎡)': 144.2, '거래금액(만원)': 648000.0}]",1150000.0,,,685000.0,
현대8차(성수현대:91~95동),163.67,2024-01-01 00:00:00,645000.0,,압구정로 309,,,"[{'전용면적(㎡)': 163.67, '거래금액(만원)': 645000.0}, {'전용면적(㎡)': 107.64, '거래금액(만원)': 445000.0}, {'전용면적(㎡)': 111.5, '거래금액(만원)': 389000.0}]",645000.0,,,,
현대그린1,84.93,2022-01-01 00:00:00,187000.0,-10.16,논현로51길 25,,,"[{'전용면적(㎡)': 84.93, '거래금액(만원)': 187000.0}]",168000.0,,187000.0,,
현대까르띠에710,230.075,2024-01-01 00:00:00,515000.0,39.19,언주로86길 12,,,"[{'전용면적(㎡)': 230.075, '거래금액(만원)': 515000.0}, {'전용면적(㎡)': 171.944, '거래금액(만원)': 370000.0}, {'전용면적(㎡)': 149.7, '거래금액(만원)': 300000.0}]",515000.0,,,370000.0,
현대비젼21,42.7,2024-01-01 00:00:00,56000.0,12.0,언주로30길 10,,,"[{'전용면적(㎡)': 42.7, '거래금액(만원)': 56000.0}, {'전용면적(㎡)': 34.995, '거래금액(만원)': 54500.0}, {'전용면적(㎡)': 32.65, '거래금액(만원)': 50000.0}]",56000.0,,50000.0,,
현대빌라트,181.81,2023-01-01 00:00:00,660000.0,,압구정로29길 49,,,"[{'전용면적(㎡)': 181.81, '거래금액(만원)': 660000.0}]",,,,660000.0,
현대삼성동1차,159.69,2024-01-01 00:00:00,258000.0,,삼성로120길 52-5,,,"[{'전용면적(㎡)': 159.69, '거래금액(만원)': 258000.0}]",258000.0,,,,
현대썬앤빌테헤란,36.12,2024-01-01 00:00:00,59500.0,,삼성로85길 33,,,"[{'전용면적(㎡)': 36.12, '거래금액(만원)': 59500.0}]",59500.0,,,,
현대아인빌,138.42,2024-01-01 00:00:00,199000.0,24.38,압구정로22길 29,,,"[{'전용면적(㎡)': 138.42, '거래금액(만원)': 199000.0}, {'전용면적(㎡)': 121.72, '거래금액(만원)': 160000.0}]",199000.0,,,160000.0,
현대아파트,84.78,2023-01-01 00:00:00,184000.0,-2.72,선릉로 748,,,"[{'전용면적(㎡)': 84.78, '거래금액(만원)': 184000.0}]",179000.0,,,184000.0,
현대아파트(75-1),159.08,2024-01-01 00:00:00,380000.0,,학동로87길 7,,,"[{'전용면적(㎡)': 159.08, '거래금액(만원)': 380000.0}, {'전용면적(㎡)': 95.38, '거래금액(만원)': 230000.0}]",380000.0,,,,
현대아파트101동,84.87,2024-01-01 00:00:00,206000.0,,학동로64길 14,,,"[{'전용면적(㎡)': 84.87, '거래금액(만원)': 206000.0}, {'전용면적(㎡)': 59.83, '거래금액(만원)': 160000.0}]",206000.0,,,,
현대아파트1동~3동,84.96,2024-01-01 00:00:00,171000.0,,도곡로18길 34,,,"[{'전용면적(㎡)': 84.96, '거래금액(만원)': 171000.0}]",171000.0,,,,
현대아파트3,163.85,2023-01-01 00:00:00,350000.0,-25.71,개포로 409,,,"[{'전용면적(㎡)': 163.85, '거래금액(만원)': 350000.0}, {'전용면적(㎡)': 131.83, '거래금액(만원)': 260000.0}, {'전용면적(㎡)': 84.87, '거래금액(만원)': 235000.0}]",260000.0,,,350000.0,
현대인텔렉스,142.88,2024-01-01 00:00:00,156000.0,,언주로 620,,,"[{'전용면적(㎡)': 142.88, '거래금액(만원)': 156000.0}]",156000.0,,,,
현대타워(13층-27층),149.99,2022-01-01 00:00:00,225000.0,,테헤란로 423,,,"[{'전용면적(㎡)': 149.99, '거래금액(만원)': 225000.0}]",,,225000.0,,
현대하이츠,111.96,2023-01-01 00:00:00,100000.0,,역삼로34길 12,,,"[{'전용면적(㎡)': 111.96, '거래금액(만원)': 100000.0}]",,,,100000.0,
현대한강빌라,134.76,2023-01-01 00:00:00,370000.0,,도산대로85길 56,,,"[{'전용면적(㎡)': 134.76, '거래금액(만원)': 370000.0}]",,,,350000.0,
현대향목빌라트,244.59,2022-01-01 00:00:00,310000.0,,남부순환로379길 26,,,"[{'전용면적(㎡)': 244.59, '거래금액(만원)': 310000.0}]",,,310000.0,,
현대휴먼터치빌,35.88,2023-01-01 00:00:00,30000.0,,논현로 565,,,"[{'전용면적(㎡)': 35.88, '거래금액(만원)': 30000.0}, {'전용면적(㎡)': 25.92, '거래금액(만원)': 25500.0}]",,,,30000.0,
현대힐스테이트2단지,84.236,2024-01-01 00:00:00,299000.0,11.43,삼성로111길 8,,,"[{'전용면적(㎡)': 84.236, '거래금액(만원)': 299000.0}, {'전용면적(㎡)': 43.842, '거래금액(만원)': 163200.0}, {'전용면적(㎡)': 40.763, '거래금액(만원)': 158000.0}]",273000.0,,,245000.0,
호산프라자,36.0,2023-01-01 00:00:00,38000.0,-4.86,선릉로 604,,,"[{'전용면적(㎡)': 36.0, '거래금액(만원)': 38000.0}, {'전용면적(㎡)': 28.8, '거래금액(만원)': 35000.0}, {'전용면적(㎡)': 33.6, '거래금액(만원)': 33300.0}]",33300.0,,35000.0,38000.0,
호원빌라,244.49,2024-01-01 00:00:00,460000.0,,압구정로75길 15,,,"[{'전용면적(㎡)': 244.49, '거래금액(만원)': 460000.0}]",460000.0,,,,
효성빌라청담101(B동),226.62,2022-01-01 00:00:00,747000.0,-0.87,압구정로71길 28,,,"[{'전용면적(㎡)': 226.62, '거래금액(만원)': 747000.0}]",740500.0,,747000.0,,
휴먼스타빌,35.905,2022-01-01 00:00:00,90000.0,,도산대로 454,,,"[{'전용면적(㎡)': 35.905, '거래금액(만원)': 90000.0}]",,,90000.0,,
힐데스하임빌라,244.55,2022-01-01 00:00:00,500000.0,,남부순환로377길 26,,,"[{'전용면적(㎡)': 244.55, '거래금액(만원)': 500000.0}]",,,500000.0,,
힐타워,134.83,2024-01-01 00:00:00,125000.0,,강남대로132길 26,,,"[{'전용면적(㎡)': 134.83, '거래금액(만원)': 125000.0}]",125000.0,,,,
